Iteration,Cluster Cardinality
0,20
10,20
20,20
30,32
40,32
50,30
60,30
70,30
80,30
90,30
100,30
110,30
120,29
130,29
140,29
150,29
160,29
170,24
180,24
190,23
200,17
210,17
220,17
230,17
240,17
250,17
260,17
270,17
280,16
290,16
300,17
310,17
320,17
330,17
340,17
350,17
360,17
370,17
380,17
390,17
400,17
410,17
420,17
430,17
440,17
450,17
460,17
470,17
480,17
490,17
500,17
510,17
520,17
530,17
540,17
550,17
560,19
570,19
580,19
590,18
600,18
610,7
620,7
630,7
640,7
650,7
660,7
670,7
680,7
690,7
700,7
710,7
720,7
730,7
740,7
750,7
760,7
770,7
780,7
790,7
800,7
810,14
820,14
830,14
840,21
850,20
860,19
870,19
880,13
890,13
900,13
910,14
920,14
930,14
940,14
950,14
960,14
970,14
980,14
990,14
1000,14
1010,14
1020,14
1030,14
1040,13
1050,13
1060,13
1070,13
1080,13
1090,13
1100,13
1110,14
1120,14
1130,13
1140,13
1150,13
1160,13
1170,13
1180,13
1190,13
1200,13
1210,13
1220,13
1230,13
1240,13
1250,13
1260,13
1270,13
1280,13
1290,13
1300,13
1310,13
1320,15
1330,15
1340,15
1350,15
1360,15
1370,15
1380,15
1390,14
1400,14
1410,14
1420,14
1430,14
1440,14
1450,14
1460,14
1470,14
1480,14
1490,14
1500,14
1510,14
1520,14
1530,14
1540,14
1550,14
1560,46
1570,46
1580,46
1590,46
1600,46
1610,46
1620,46
1630,46
1640,46
1650,46
1660,46
1670,46
1680,46
1690,46
1700,47
1710,47
1720,47
1730,47
1740,47
1750,47
1760,47
1770,47
1780,48
1790,48
1800,48
1810,49
1820,49
1830,49
1840,49
1850,49
1860,49
1870,49
1880,49
1890,49
1900,49
1910,49
1920,49
1930,49
1940,49
1950,49
1960,49
1970,49
1980,49
1990,49
2000,49
2010,49
2020,49
2030,49
2040,49
2050,49
2060,49
2070,49
2080,49
2090,49
2100,49
2110,49
2120,48
2130,41
2140,41
2150,41
2160,41
2170,41
2180,41
2190,41
2200,41
2210,41
2220,41
2230,41
2240,41
2250,41
2260,41
2270,41
2280,41
2290,38
2300,38
2310,38
2320,38
2330,38
2340,38
2350,38
2360,38
2370,38
2380,38
2390,38
2400,38
2410,38
2420,38
2430,40
2440,40
2450,40
2460,40
2470,40
2480,40
2490,40
2500,40
2510,40
2520,40
2530,40
2540,40
2550,41
2560,11
2570,11
2580,10
2590,10
2600,10
2610,10
2620,10
2630,10
2640,10
2650,10
2660,10
2670,10
2680,9
2690,9
2700,9
2710,9
2720,9
2730,9
2740,9
2750,9
2760,9
2770,9
2780,9
2790,9
2800,9
2810,9
2820,9
2830,9
2840,9
2850,9
2860,9
2870,9
2880,9
2890,9
2900,9
2910,9
2920,9
2930,9
2940,9
2950,9
2960,21
2970,21
2980,21
2990,21
3000,21
3010,21
3020,53
3030,53
3040,53
3050,53
3060,54
3070,51
3080,51
3090,51
3100,51
3110,51
3120,51
3130,51
3140,51
3150,52
3160,52
3170,53
3180,53
3190,51
3200,51
3210,51
3220,108
3230,108
3240,108
3250,108
3260,108
3270,108
3280,108
3290,108
3300,108
3310,108
3320,108
3330,108
3340,108
3350,110
3360,110
3370,110
3380,110
3390,111
3400,110
3410,110
3420,110
3430,110
3440,110
3450,112
3460,112
3470,43
3480,43
3490,43
3500,43
3510,43
3520,43
3530,42
3540,42
3550,42
3560,42
3570,42
3580,42
3590,42
3600,42
3610,42
3620,42
3630,42
3640,42
3650,42
3660,42
3670,42
3680,42
3690,42
3700,42
3710,42
3720,42
3730,42
3740,42
3750,42
3760,42
3770,42
3780,42
3790,42
3800,42
3810,42
3820,42
3830,42
3840,41
3850,41
3860,41
3870,41
3880,41
3890,41
3900,41
3910,41
3920,41
3930,41
3940,41
3950,41
3960,42
3970,42
3980,42
3990,42
4000,42
4010,42
4020,42
4030,42
4040,42
4050,42
4060,42
4070,42
4080,42
4090,42
4100,42
4110,42
4120,42
4130,42
4140,42
4150,42
4160,42
4170,42
4180,42
4190,42
4200,42
4210,42
4220,42
4230,42
4240,42
4250,42
4260,42
4270,42
4280,42
4290,42
4300,42
4310,42
4320,41
4330,41
4340,41
4350,41
4360,41
4370,41
4380,41
4390,41
4400,41
4410,41
4420,41
4430,41
4440,41
4450,41
4460,41
4470,42
4480,42
4490,41
4500,41
4510,41
4520,41
4530,41
4540,4
4550,4
4560,4
4570,4
4580,4
4590,4
4600,4
4610,4
4620,4
4630,4
4640,4
4650,4
4660,4
4670,5
4680,5
4690,5
4700,5
4710,5
4720,5
4730,5
4740,5
4750,5
4760,5
4770,5
4780,5
4790,5
4800,5
4810,5
4820,5
4830,5
4840,5
4850,5
4860,5
4870,5
4880,5
4890,5
4900,5
4910,5
4920,5
4930,5
4940,5
4950,5
4960,5
4970,5
4980,5
4990,5
5000,5
5010,5
5020,5
5030,5
5040,5
5050,5
5060,5
5070,5
5080,5
5090,5
5100,5
5110,5
5120,5
5130,5
5140,5
5150,5
5160,5
5170,5
5180,5
5190,5
5200,5
5210,5
5220,5
5230,5
5240,5
5250,5
5260,5
5270,5
5280,5
5290,5
5300,5
5310,5
5320,5
5330,5
5340,5
5350,5
5360,5
5370,5
5380,5
5390,5
5400,5
5410,5
5420,5
5430,5
5440,6
5450,6
5460,6
5470,6
5480,6
5490,6
5500,6
5510,6
5520,6
5530,6
5540,6
5550,6
5560,6
5570,6
5580,6
5590,6
5600,6
5610,6
5620,6
5630,6
5640,6
5650,6
5660,6
5670,6
5680,6
5690,6
5700,6
5710,6
5720,6
5730,6
5740,6
5750,6
5760,6
5770,6
5780,6
5790,6
5800,6
5810,6
5820,6
5830,6
5840,6
5850,6
5860,6
5870,6
5880,6
5890,6
5900,6
5910,6
5920,6
5930,6
5940,6
5950,6
5960,6
5970,6
5980,6
5990,6
6000,6
6010,6
6020,6
6030,6
6040,6
6050,6
6060,6
6070,6
6080,6
6090,6
6100,6
6110,6
6120,6
6130,6
6140,5
6150,5
6160,5
6170,5
6180,5
6190,5
6200,5
6210,5
6220,5
6230,5
6240,5
6250,5
6260,5
6270,5
6280,5
6290,5
6300,5
6310,5
6320,5
6330,5
6340,5
6350,5
6360,5
6370,5
6380,5
6390,5
6400,5
6410,5
6420,5
6430,5
6440,5
6450,5
6460,5
6470,5
6480,5
6490,5
6500,5
6510,5
6520,5
6530,5
6540,5
6550,5
6560,5
6570,5
6580,5
6590,5
6600,5
6610,5
6620,5
6630,5
6640,5
6650,5
6660,5
6670,5
6680,5
6690,5
6700,5
6710,5
6720,5
6730,5
6740,5
6750,5
6760,5
6770,5
6780,5
6790,5
6800,5
6810,5
6820,5
6830,5
6840,5
6850,5
6860,5
6870,5
6880,5
6890,5
6900,5
6910,5
6920,5
6930,5
6940,5
6950,5
6960,5
6970,5
6980,5
6990,5
7000,5
7010,5
7020,5
7030,5
7040,5
7050,5
7060,5
7070,5
7080,5
7090,5
7100,5
7110,5
7120,5
7130,5
7140,5
7150,5
7160,5
7170,5
7180,5
7190,5
7200,5
7210,5
7220,5
7230,5
7240,5
7250,5
7260,5
7270,5
7280,5
7290,5
7300,5
7310,5
7320,5
7330,138
7340,138
7350,137
7360,116
7370,137
7380,137
7390,138
7400,139
7410,140
7420,140
7430,141
7440,141
7450,141
7460,141
7470,142
7480,142
7490,141
7500,141
7510,141
7520,141
7530,141
7540,141
7550,142
7560,142
7570,142
7580,142
7590,142
7600,142
7610,142
7620,142
7630,142
7640,142
7650,142
7660,142
7670,142
7680,142
7690,142
7700,142
7710,121
7720,121
7730,121
7740,122
7750,122
7760,121
7770,121
7780,121
7790,121
7800,108
7810,108
7820,108
7830,109
7840,109
7850,116
7860,115
7870,115
7880,115
7890,115
7900,115
7910,115
7920,121
7930,121
7940,114
7950,114
7960,167
7970,166
7980,165
7990,165
8000,165
8010,165
8020,165
8030,165
8040,164
8050,193
8060,193
8070,191
8080,192
8090,193
8100,193
8110,193
8120,192
8130,192
8140,192
8150,190
8160,191
8170,192
8180,156
8190,156
8200,156
8210,156
8220,155
8230,154
8240,154
8250,154
8260,154
8270,153
8280,149
8290,149
8300,149
8310,150
8320,150
8330,150
8340,151
8350,151
8360,150
8370,149
8380,149
8390,149
8400,149
8410,149
8420,151
8430,151
8440,167
8450,143
8460,143
8470,144
8480,161
8490,163
8500,163
8510,162
8520,162
8530,162
8540,162
8550,162
8560,161
8570,187
8580,187
8590,188
8600,187
8610,187
8620,172
8630,170
8640,170
8650,170
8660,171
8670,171
8680,170
8690,170
8700,170
8710,167
8720,166
8730,167
8740,167
8750,167
8760,170
8770,171
8780,171
8790,138
8800,139
8810,139
8820,139
8830,139
8840,139
8850,139
8860,139
8870,194
8880,194
8890,195
8900,145
8910,145
8920,145
8930,146
8940,146
8950,146
8960,146
8970,146
8980,146
8990,146
9000,152
9010,151
9020,1
9030,1
9040,1
9050,150
9060,150
9070,150
9080,150
9090,149
9100,149
9110,148
9120,148
9130,148
9140,148
9150,149
9160,149
9170,147
9180,147
9190,146
9200,146
9210,146
9220,146
9230,145
9240,145
9250,146
9260,146
9270,146
9280,146
9290,146
9300,146
9310,146
9320,146
9330,144
9340,144
9350,145
9360,147
9370,147
9380,147
9390,147
9400,149
9410,149
9420,149
9430,149
9440,149
9450,149
9460,149
9470,149
9480,233
9490,233
9500,233
9510,235
9520,235
9530,235
9540,235
9550,234
9560,234
9570,234
9580,234
9590,185
9600,184
9610,184
9620,184
9630,184
9640,184
9650,183
9660,183
9670,183
9680,182
9690,182
9700,182
9710,182
9720,182
9730,183
9740,183
9750,183
9760,183
9770,183
9780,182
9790,139
9800,139
9810,138
9820,137
9830,137
9840,137
9850,137
9860,138
9870,139
9880,133
9890,133
9900,133
9910,133
9920,92
9930,102
9940,102
9950,140
9960,140
9970,140
9980,141
9990,141
10000,141
10010,141
10020,141
10030,141
10040,143
10050,143
10060,143
10070,144
10080,145
10090,146
10100,147
10110,148
10120,148
10130,145
10140,145
10150,138
10160,138
10170,138
10180,138
10190,138
10200,138
10210,140
10220,140
10230,141
10240,137
10250,134
10260,134
10270,134
10280,134
10290,134
10300,134
10310,135
10320,136
10330,136
10340,144
10350,144
10360,144
10370,144
10380,144
10390,144
10400,144
10410,144
10420,134
10430,134
10440,137
10450,137
10460,136
10470,133
10480,133
10490,132
10500,132
10510,133
10520,133
10530,133
10540,134
10550,134
10560,134
10570,133
10580,133
10590,134
10600,134
10610,134
10620,134
10630,84
10640,84
10650,84
10660,84
10670,84
10680,84
10690,84
10700,84
10710,84
10720,84
10730,84
10740,84
10750,84
10760,84
10770,84
10780,84
10790,84
10800,84
10810,84
10820,85
10830,85
10840,85
10850,85
10860,85
10870,85
10880,85
10890,80
10900,20
10910,20
10920,20
10930,20
10940,20
10950,20
10960,20
10970,19
10980,19
10990,19
11000,19
11010,19
11020,19
11030,19
11040,19
11050,19
11060,19
11070,19
11080,19
11090,4
11100,4
11110,4
11120,4
11130,4
11140,4
11150,4
11160,4
11170,4
11180,4
11190,4
11200,4
11210,4
11220,4
11230,4
11240,3
11250,3
11260,3
11270,3
11280,3
11290,3
11300,3
11310,3
11320,3
11330,3
11340,3
11350,3
11360,3
11370,3
11380,3
11390,3
11400,3
11410,3
11420,3
11430,3
11440,3
11450,3
11460,3
11470,3
11480,3
11490,3
11500,3
11510,3
11520,3
11530,3
11540,3
11550,3
11560,3
11570,3
11580,3
11590,3
11600,3
11610,3
11620,3
11630,3
11640,3
11650,3
11660,3
11670,3
11680,3
11690,3
11700,3
11710,3
11720,3
11730,3
11740,3
11750,3
11760,3
11770,3
11780,3
11790,3
11800,3
11810,3
11820,3
11830,3
11840,3
11850,3
11860,3
11870,3
11880,3
11890,3
11900,3
11910,3
11920,3
11930,3
11940,3
11950,3
11960,3
11970,3
11980,3
11990,3
12000,3
12010,3
12020,3
12030,3
12040,3
12050,3
12060,3
12070,3
12080,3
12090,3
12100,3
12110,3
12120,3
12130,3
12140,3
12150,3
12160,3
12170,3
12180,3
12190,3
12200,3
12210,3
12220,3
12230,3
12240,3
12250,3
12260,3
12270,3
12280,3
12290,3
12300,3
12310,3
12320,3
12330,3
12340,3
12350,3
12360,3
12370,3
12380,3
12390,3
12400,3
12410,3
12420,3
12430,3
12440,3
12450,3
12460,3
12470,3
12480,3
12490,3
12500,3
12510,3
12520,3
12530,3
12540,3
12550,3
12560,3
12570,3
12580,3
12590,3
12600,3
12610,3
12620,3
12630,3
12640,3
12650,3
12660,3
12670,3
12680,3
12690,3
12700,3
12710,3
12720,3
12730,4
12740,4
12750,4
12760,4
12770,7
12780,7
12790,7
12800,7
12810,7
12820,7
12830,7
12840,7
12850,7
12860,7
12870,7
12880,7
12890,7
12900,7
12910,7
12920,7
12930,7
12940,7
12950,7
12960,7
12970,8
12980,8
12990,8
13000,8
13010,8
13020,8
13030,8
13040,8
13050,8
13060,8
13070,8
13080,8
13090,8
13100,8
13110,8
13120,8
13130,8
13140,7
13150,7
13160,8
13170,8
13180,8
13190,78
13200,77
13210,14
13220,14
13230,14
13240,14
13250,14
13260,14
13270,14
13280,14
13290,15
13300,15
13310,15
13320,15
13330,15
13340,15
13350,17
13360,17
13370,17
13380,17
13390,17
13400,17
13410,17
13420,17
13430,17
13440,17
13450,17
13460,17
13470,17
13480,17
13490,17
13500,17
13510,17
13520,17
13530,14
13540,14
13550,13
13560,13
13570,13
13580,13
13590,13
13600,13
13610,13
13620,13
13630,13
13640,13
13650,13
13660,13
13670,57
13680,57
13690,57
13700,57
13710,117
13720,115
13730,53
13740,116
13750,116
13760,116
13770,116
13780,116
13790,116
13800,117
13810,117
13820,117
13830,117
13840,117
13850,117
13860,117
13870,117
13880,117
13890,116
13900,15
13910,15
13920,15
13930,15
13940,13
13950,13
13960,13
13970,13
13980,13
13990,13
14000,13
14010,13
14020,13
14030,13
14040,13
14050,13
14060,13
14070,13
14080,13
14090,13
14100,13
14110,12
14120,12
14130,12
14140,12
14150,12
14160,12
14170,12
14180,12
14190,12
14200,12
14210,12
14220,12
14230,12
14240,12
14250,12
14260,12
14270,12
14280,12
14290,12
14300,12
14310,12
14320,20
14330,20
14340,20
14350,20
14360,20
14370,20
14380,19
14390,19
14400,19
14410,19
14420,20
14430,20
14440,20
14450,20
14460,20
14470,20
14480,20
14490,20
14500,20
14510,20
14520,20
14530,20
14540,20
14550,20
14560,20
14570,20
14580,20
14590,20
14600,20
14610,20
14620,20
14630,20
14640,20
14650,20
14660,21
14670,21
14680,21
14690,13
14700,13
14710,13
14720,13
14730,13
14740,13
14750,13
14760,15
14770,15
14780,15
14790,15
14800,15
14810,15
14820,15
14830,15
14840,15
14850,78
14860,78
14870,78
14880,78
14890,78
14900,78
14910,78
14920,78
14930,78
14940,78
14950,78
14960,78
14970,78
14980,78
14990,84
15000,84
15010,84
15020,83
15030,82
15040,82
15050,82
15060,82
15070,82
15080,82
15090,82
15100,82
15110,82
15120,83
15130,83
15140,83
15150,83
15160,83
15170,83
15180,83
15190,83
15200,83
15210,83
15220,83
15230,83
15240,83
15250,83
15260,84
15270,84
15280,83
15290,83
15300,83
15310,83
15320,83
15330,83
15340,83
15350,83
15360,83
15370,83
15380,83
15390,83
15400,83
15410,83
15420,83
15430,83
15440,83
15450,83
15460,83
15470,83
15480,83
15490,83
15500,83
15510,83
15520,83
15530,83
15540,83
15550,84
15560,83
15570,80
15580,80
15590,81
15600,79
15610,78
15620,78
15630,78
15640,78
15650,78
15660,78
15670,77
15680,77
15690,77
15700,77
15710,76
15720,76
15730,76
15740,76
15750,76
15760,76
15770,75
15780,75
15790,75
15800,77
15810,77
15820,77
15830,77
15840,77
15850,77
15860,77
15870,77
15880,76
15890,76
15900,76
15910,75
15920,76
15930,76
15940,84
15950,84
15960,85
15970,85
15980,86
15990,86
16000,85
16010,85
16020,83
16030,83
16040,83
16050,84
16060,84
16070,84
16080,84
16090,86
16100,86
16110,86
16120,86
16130,86
16140,86
16150,86
16160,86
16170,86
16180,86
16190,88
16200,90
16210,90
16220,90
16230,91
16240,91
16250,91
16260,91
16270,91
16280,91
16290,91
16300,91
16310,91
16320,91
16330,91
16340,91
16350,92
16360,92
16370,92
16380,92
16390,92
16400,8
16410,8
16420,8
16430,8
16440,8
16450,8
16460,8
16470,8
16480,91
16490,91
16500,91
16510,91
16520,90
16530,90
16540,90
16550,90
16560,90
16570,90
16580,90
16590,90
16600,90
16610,90
16620,90
16630,90
16640,90
16650,90
16660,90
16670,90
16680,90
16690,90
16700,90
16710,90
16720,90
16730,91
16740,91
16750,92
16760,92
16770,93
16780,93
16790,93
16800,93
16810,89
16820,89
16830,89
16840,89
16850,89
16860,89
16870,89
16880,89
16890,89
16900,89
16910,90
16920,90
16930,90
16940,90
16950,89
16960,89
16970,89
16980,89
16990,90
17000,90
17010,90
17020,90
17030,90
17040,90
17050,112
17060,112
17070,112
17080,112
17090,112
17100,10
17110,10
17120,10
17130,10
17140,10
17150,10
17160,10
17170,10
17180,10
17190,10
17200,10
17210,10
17220,10
17230,10
17240,10
17250,10
17260,10
17270,10
17280,10
17290,10
17300,10
17310,10
17320,10
17330,10
17340,10
17350,114
17360,114
17370,114
17380,8
17390,8
17400,8
17410,8
17420,8
17430,8
17440,8
17450,8
17460,8
17470,8
17480,8
17490,8
17500,8
17510,8
17520,8
17530,8
17540,8
17550,8
17560,8
17570,8
17580,8
17590,8
17600,8
17610,8
17620,8
17630,8
17640,7
17650,7
17660,7
17670,7
17680,7
17690,7
17700,7
17710,7
17720,7
17730,7
17740,7
17750,7
17760,7
17770,7
17780,7
17790,7
17800,7
17810,7
17820,7
17830,7
17840,7
17850,7
17860,7
17870,7
17880,7
17890,7
17900,7
17910,7
17920,7
17930,7
17940,7
17950,7
17960,7
17970,7
17980,7
17990,7
18000,8
18010,8
18020,8
18030,8
18040,8
18050,8
18060,8
18070,8
18080,8
18090,8
18100,8
18110,13
18120,13
18130,13
18140,13
18150,13
18160,13
18170,13
18180,13
18190,13
18200,13
18210,12
18220,12
18230,11
18240,11
18250,11
18260,11
18270,11
18280,11
18290,11
18300,11
18310,11
18320,11
18330,11
18340,11
18350,11
18360,11
18370,11
18380,11
18390,11
18400,11
18410,11
18420,11
18430,11
18440,11
18450,11
18460,11
18470,11
18480,11
18490,11
18500,11
18510,11
18520,11
18530,11
18540,11
18550,11
18560,11
18570,11
18580,11
18590,11
18600,11
18610,11
18620,11
18630,11
18640,11
18650,11
18660,11
18670,11
18680,11
18690,11
18700,11
18710,11
18720,11
18730,12
18740,12
18750,12
18760,12
18770,12
18780,12
18790,12
18800,12
18810,12
18820,12
18830,12
18840,12
18850,12
18860,12
18870,12
18880,12
18890,12
18900,12
18910,12
18920,12
18930,12
18940,12
18950,12
18960,12
18970,12
18980,12
18990,12
19000,12
19010,12
19020,12
19030,12
19040,12
19050,12
19060,12
19070,12
19080,12
19090,12
19100,12
19110,12
19120,12
19130,12
19140,12
19150,12
19160,12
19170,7
19180,7
19190,7
19200,7
19210,7
19220,7
19230,7
19240,7
19250,7
19260,7
19270,7
19280,7
19290,7
19300,7
19310,7
19320,7
19330,7
19340,7
19350,7
19360,7
19370,7
19380,7
19390,7
19400,7
19410,7
19420,7
19430,7
19440,7
19450,7
19460,7
19470,7
19480,7
19490,7
19500,7
19510,7
19520,7
19530,7
19540,7
19550,7
19560,7
19570,7
19580,7
19590,7
19600,7
19610,7
19620,7
19630,7
19640,7
19650,7
19660,7
19670,7
19680,7
19690,7
19700,7
19710,7
19720,7
19730,7
19740,7
19750,7
19760,7
19770,7
19780,7
19790,7
19800,7
19810,7
19820,7
19830,7
19840,7
19850,7
19860,7
19870,7
19880,7
19890,7
19900,7
19910,7
19920,7
19930,7
19940,7
19950,7
19960,7
19970,7
19980,7
19990,7
20000,7
20010,7
20020,7
20030,7
20040,14
20050,14
20060,14
20070,14
20080,14
20090,14
20100,14
20110,14
20120,14
20130,14
20140,14
20150,14
20160,14
20170,14
20180,14
20190,14
20200,14
20210,14
20220,14
20230,14
20240,14
20250,14
20260,14
20270,14
20280,8
20290,8
20300,8
20310,8
20320,8
20330,8
20340,8
20350,8
20360,8
20370,8
20380,8
20390,7
20400,7
20410,8
20420,8
20430,8
20440,8
20450,8
20460,8
20470,8
20480,8
20490,8
20500,8
20510,8
20520,8
20530,9
20540,9
20550,9
20560,9
20570,9
20580,9
20590,9
20600,9
20610,9
20620,9
20630,9
20640,11
20650,11
20660,11
20670,11
20680,11
20690,11
20700,11
20710,11
20720,11
20730,11
20740,11
20750,11
20760,12
20770,12
20780,12
20790,12
20800,12
20810,12
20820,12
20830,12
20840,12
20850,12
20860,12
20870,12
20880,12
20890,12
20900,11
20910,11
20920,11
20930,11
20940,11
20950,12
20960,12
20970,12
20980,12
20990,11
21000,11
21010,11
21020,10
21030,10
21040,10
21050,10
21060,10
21070,10
21080,10
21090,10
21100,10
21110,10
21120,10
21130,10
21140,10
21150,10
21160,10
21170,10
21180,10
21190,10
21200,10
21210,10
21220,10
21230,10
21240,9
21250,9
21260,9
21270,9
21280,9
21290,9
21300,9
21310,9
21320,9
21330,9
21340,9
21350,9
21360,9
21370,9
21380,9
21390,9
21400,9
21410,9
21420,9
21430,9
21440,9
21450,9
21460,9
21470,9
21480,9
21490,9
21500,9
21510,9
21520,9
21530,9
21540,9
21550,9
21560,9
21570,9
21580,9
21590,9
21600,9
21610,9
21620,9
21630,9
21640,9
21650,9
21660,9
21670,9
21680,9
21690,9
21700,9
21710,9
21720,9
21730,9
21740,9
21750,9
21760,9
21770,9
21780,9
21790,9
21800,9
21810,9
21820,9
21830,9
21840,9
21850,9
21860,9
21870,9
21880,9
21890,9
21900,9
21910,9
21920,9
21930,9
21940,9
21950,9
21960,9
21970,9
21980,9
21990,9
22000,9
22010,9
22020,9
22030,9
22040,9
22050,9
22060,9
22070,9
22080,9
22090,9
22100,9
22110,9
22120,9
22130,9
22140,9
22150,9
22160,9
22170,9
22180,9
22190,9
22200,9
22210,9
22220,9
22230,9
22240,9
22250,9
22260,9
22270,9
22280,9
22290,9
22300,9
22310,9
22320,9
22330,9
22340,9
22350,9
22360,9
22370,9
22380,9
22390,9
22400,9
22410,9
22420,9
22430,9
22440,9
22450,9
22460,9
22470,9
22480,9
22490,9
22500,9
22510,9
22520,9
22530,9
22540,9
22550,9
22560,9
22570,9
22580,9
22590,9
22600,9
22610,9
22620,9
22630,9
22640,9
22650,9
22660,9
22670,9
22680,9
22690,9
22700,9
22710,9
22720,9
22730,9
22740,9
22750,9
22760,9
22770,9
22780,9
22790,9
22800,9
22810,9
22820,9
22830,9
22840,9
22850,9
22860,9
22870,9
22880,9
22890,9
22900,9
22910,9
22920,9
22930,9
22940,8
22950,8
22960,8
22970,8
22980,8
22990,8
23000,8
23010,8
23020,8
23030,8
23040,8
23050,8
23060,8
23070,8
23080,8
23090,8
23100,8
23110,8
23120,8
23130,8
23140,8
23150,8
23160,8
23170,8
23180,8
23190,8
23200,8
23210,8
23220,8
23230,8
23240,8
23250,8
23260,8
23270,8
23280,8
23290,8
23300,8
23310,8
23320,8
23330,8
23340,8
23350,8
23360,8
23370,8
23380,8
23390,8
23400,8
23410,8
23420,8
23430,8
23440,8
23450,9
23460,9
23470,9
23480,9
23490,9
23500,9
23510,9
23520,9
23530,9
23540,9
23550,9
23560,9
23570,9
23580,9
23590,9
23600,9
23610,9
23620,9
23630,9
23640,9
23650,11
23660,11
23670,11
23680,11
23690,11
23700,11
23710,11
23720,11
23730,11
23740,11
23750,11
23760,11
23770,11
23780,11
23790,11
23800,11
23810,11
23820,11
23830,11
23840,11
23850,11
23860,11
23870,13
23880,13
23890,13
23900,13
23910,13
23920,13
23930,13
23940,13
23950,13
23960,12
23970,12
23980,12
23990,12
24000,13
24010,13
24020,13
24030,13
24040,13
24050,13
24060,13
24070,13
24080,13
24090,13
24100,13
24110,13
24120,13
24130,13
24140,13
24150,13
24160,13
24170,13
24180,13
24190,13
24200,13
24210,13
24220,13
24230,13
24240,13
24250,13
24260,13
24270,13
24280,13
24290,13
24300,13
24310,13
24320,13
24330,13
24340,13
24350,13
24360,13
24370,13
24380,13
24390,13
24400,13
24410,13
24420,13
24430,13
24440,13
24450,13
24460,13
24470,13
24480,13
24490,13
24500,13
24510,13
24520,13
24530,13
24540,13
24550,13
24560,13
24570,13
24580,13
24590,13
24600,13
24610,13
24620,13
24630,13
24640,13
24650,13
24660,13
24670,13
24680,13
24690,13
24700,13
24710,13
24720,13
24730,13
24740,13
24750,13
24760,13
24770,13
24780,13
24790,13
24800,13
24810,13
24820,13
24830,13
24840,13
24850,13
24860,13
24870,13
24880,13
24890,13
24900,13
24910,13
24920,13
24930,13
24940,13
24950,13
24960,13
24970,13
24980,13
24990,13
25000,13
25010,14
25020,14
25030,14
25040,14
25050,14
25060,14
25070,14
25080,12
25090,12
25100,12
25110,12
25120,12
25130,12
25140,12
25150,12
25160,12
25170,137
25180,109
25190,109
25200,109
25210,109
25220,108
25230,109
25240,110
25250,110
25260,108
25270,109
25280,109
25290,109
25300,109
25310,109
25320,138
25330,141
25340,142
25350,142
25360,139
25370,139
25380,139
25390,139
25400,140
25410,140
25420,141
25430,141
25440,141
25450,140
25460,139
25470,139
25480,139
25490,139
25500,139
25510,139
25520,139
25530,140
25540,140
25550,140
25560,140
25570,139
25580,139
25590,139
25600,138
25610,138
25620,139
25630,139
25640,139
25650,139
25660,139
25670,116
25680,116
25690,141
25700,141
25710,141
25720,141
25730,141
25740,141
25750,141
25760,141
25770,141
25780,141
25790,141
25800,141
25810,140
25820,140
25830,140
25840,140
25850,141
25860,140
25870,141
25880,140
25890,140
25900,140
25910,140
25920,140
25930,140
25940,141
25950,141
25960,140
25970,141
25980,141
25990,141
26000,141
26010,141
26020,141
26030,141
26040,116
26050,116
26060,115
26070,115
26080,115
26090,115
26100,115
26110,115
26120,114
26130,114
26140,114
26150,115
26160,115
26170,115
26180,115
26190,115
26200,115
26210,115
26220,115
26230,115
26240,115
26250,115
26260,114
26270,114
26280,114
26290,114
26300,109
26310,109
26320,109
26330,109
26340,109
26350,109
26360,109
26370,109
26380,109
26390,85
26400,85
26410,109
26420,109
26430,109
26440,108
26450,111
26460,111
26470,111
26480,111
26490,111
26500,12
26510,12
26520,12
26530,12
26540,12
26550,12
26560,12
26570,10
26580,10
26590,10
26600,10
26610,10
26620,10
26630,10
26640,10
26650,10
26660,10
26670,10
26680,10
26690,10
26700,10
26710,16
26720,16
26730,16
26740,16
26750,16
26760,16
26770,16
26780,16
26790,16
26800,16
26810,16
26820,16
26830,16
26840,16
26850,16
26860,16
26870,16
26880,17
26890,10
26900,10
26910,10
26920,10
26930,10
26940,10
26950,10
26960,10
26970,10
26980,10
26990,10
27000,10
27010,10
27020,10
27030,10
27040,10
27050,10
27060,10
27070,10
27080,10
27090,10
27100,10
27110,10
27120,10
27130,15
27140,15
27150,16
27160,15
27170,15
27180,15
27190,15
27200,15
27210,15
27220,15
27230,15
27240,15
27250,14
27260,14
27270,14
27280,14
27290,14
27300,14
27310,14
27320,14
27330,14
27340,14
27350,14
27360,14
27370,14
27380,14
27390,14
27400,14
27410,14
27420,14
27430,14
27440,14
27450,14
27460,14
27470,14
27480,14
27490,14
27500,14
27510,13
27520,13
27530,13
27540,13
27550,13
27560,13
27570,13
27580,13
27590,13
27600,13
27610,13
27620,13
27630,14
27640,15
27650,15
27660,86
27670,85
27680,118
27690,118
27700,118
27710,118
27720,119
27730,120
27740,120
27750,120
27760,124
27770,119
27780,119
27790,119
27800,119
27810,119
27820,119
27830,119
27840,110
27850,110
27860,110
27870,110
27880,110
27890,109
27900,109
27910,109
27920,109
27930,109
27940,109
27950,109
27960,108
27970,108
27980,108
27990,108
28000,157
28010,159
28020,159
28030,118
28040,118
28050,14
28060,15
28070,15
28080,15
28090,15
28100,16
28110,16
28120,16
28130,15
28140,15
28150,15
28160,15
28170,15
28180,15
28190,15
28200,14
28210,14
28220,14
28230,14
28240,14
28250,14
28260,14
28270,14
28280,12
28290,11
28300,11
28310,11
28320,11
28330,11
28340,11
28350,123
28360,122
28370,122
28380,120
28390,121
28400,121
28410,121
28420,122
28430,122
28440,122
28450,122
28460,122
28470,122
28480,121
28490,126
28500,126
28510,126
28520,126
28530,127
28540,127
28550,127
28560,126
28570,126
28580,126
28590,67
28600,67
28610,68
28620,68
28630,68
28640,67
28650,65
28660,65
28670,65
28680,65
28690,65
28700,65
28710,65
28720,65
28730,65
28740,125
28750,123
28760,123
28770,123
28780,123
28790,123
28800,125
28810,125
28820,125
28830,122
28840,122
28850,122
28860,122
28870,121
28880,121
28890,121
28900,121
28910,120
28920,119
28930,119
28940,62
28950,62
28960,62
28970,63
28980,63
28990,63
29000,161
29010,161
29020,161
29030,163
29040,163
29050,163
29060,163
29070,163
29080,163
29090,163
29100,163
29110,162
29120,162
29130,162
29140,162
29150,162
29160,163
29170,163
29180,164
29190,164
29200,163
29210,164
29220,162
29230,161
29240,162
29250,162
29260,162
29270,158
29280,158
29290,158
29300,159
29310,155
29320,155
29330,154
29340,155
29350,155
29360,156
29370,156
29380,153
29390,153
29400,153
29410,155
29420,158
29430,157
29440,157
29450,152
29460,152
29470,152
29480,152
29490,152
29500,148
29510,149
29520,149
29530,149
29540,149
29550,151
29560,67
29570,67
29580,66
29590,149
29600,149
29610,143
29620,143
29630,143
29640,143
29650,144
29660,145
29670,145
29680,145
29690,146
29700,148
29710,149
29720,149
29730,149
29740,149
29750,148
29760,148
29770,148
29780,148
29790,148
29800,149
29810,152
29820,152
29830,152
29840,152
29850,152
29860,152
29870,152
29880,150
29890,150
29900,154
29910,153
29920,157
29930,158
29940,158
29950,157
29960,158
29970,158
29980,158
29990,157
30000,156
30010,156
30020,214
30030,235
30040,234
30050,234
30060,234
30070,234
30080,234
30090,234
30100,235
30110,235
30120,235
30130,235
30140,236
30150,237
30160,256
30170,258
30180,254
30190,254
30200,254
30210,254
30220,255
30230,255
30240,255
30250,255
30260,239
30270,238
30280,236
30290,237
30300,237
30310,237
30320,237
30330,237
30340,237
30350,131
30360,131
30370,131
30380,131
30390,131
30400,131
30410,131
30420,131
30430,131
30440,131
30450,131
30460,125
30470,125
30480,124
30490,124
30500,123
30510,123
30520,123
30530,123
30540,123
30550,123
30560,229
30570,120
30580,120
30590,120
30600,120
30610,122
30620,122
30630,122
30640,122
30650,122
30660,123
30670,120
30680,120
30690,121
30700,121
30710,121
30720,121
30730,121
30740,120
30750,120
30760,120
30770,120
30780,120
30790,120
30800,120
30810,55
30820,55
30830,55
30840,55
30850,54
30860,54
30870,54
30880,120
30890,120
30900,120
30910,120
30920,120
30930,120
30940,120
30950,120
30960,126
30970,126
30980,126
30990,126
31000,126
31010,126
31020,131
31030,130
31040,130
31050,117
31060,117
31070,117
31080,46
31090,46
31100,46
31110,46
31120,47
31130,47
31140,47
31150,47
31160,47
31170,47
31180,47
31190,47
31200,47
31210,46
31220,46
31230,46
31240,46
31250,46
31260,46
31270,46
31280,46
31290,46
31300,42
31310,42
31320,43
31330,43
31340,43
31350,43
31360,47
31370,47
31380,47
31390,47
31400,47
31410,47
31420,46
31430,46
31440,45
31450,45
31460,45
31470,82
31480,82
31490,82
31500,82
31510,81
31520,79
31530,79
31540,79
31550,79
31560,44
31570,79
31580,79
31590,79
31600,79
31610,79
31620,78
31630,79
31640,79
31650,79
31660,78
31670,78
31680,76
31690,76
31700,77
31710,77
31720,78
31730,78
31740,78
31750,79
31760,79
31770,79
31780,79
31790,80
31800,80
31810,80
31820,80
31830,80
31840,79
31850,79
31860,79
31870,79
31880,78
31890,78
31900,77
31910,79
31920,79
31930,79
31940,1
31950,1
31960,1
31970,1
31980,1
31990,1
32000,1
32010,1
32020,1
32030,1
32040,1
32050,1
32060,1
32070,1
32080,68
32090,68
32100,68
32110,7
32120,7
32130,7
32140,7
32150,7
32160,6
32170,6
32180,6
32190,6
32200,69
32210,69
32220,69
32230,69
32240,68
32250,4
32260,4
32270,4
32280,4
32290,4
32300,4
32310,4
32320,4
32330,4
32340,4
32350,4
32360,4
32370,4
32380,4
32390,4
32400,4
32410,4
32420,4
32430,4
32440,4
32450,5
32460,5
32470,5
32480,5
32490,5
32500,5
32510,5
32520,5
32530,5
32540,5
32550,5
32560,5
32570,5
32580,5
32590,5
32600,5
32610,5
32620,5
32630,5
32640,5
32650,5
32660,5
32670,5
32680,5
32690,5
32700,5
32710,5
32720,5
32730,5
32740,5
32750,5
32760,5
32770,5
32780,72
32790,72
32800,74
32810,72
32820,73
32830,64
32840,64
32850,64
32860,65
32870,66
32880,65
32890,65
32900,65
32910,65
32920,67
32930,65
32940,65
32950,65
32960,18
32970,18
32980,18
32990,18
33000,18
33010,18
33020,18
33030,18
33040,18
33050,18
33060,18
33070,18
33080,18
33090,18
33100,18
33110,17
33120,17
33130,17
33140,17
33150,17
33160,17
33170,17
33180,17
33190,16
33200,17
33210,16
33220,16
33230,16
33240,16
33250,16
33260,16
33270,16
33280,16
33290,16
33300,16
33310,16
33320,16
33330,20
33340,20
33350,20
33360,20
33370,20
33380,21
33390,21
33400,21
33410,21
33420,21
33430,22
33440,22
33450,22
33460,22
33470,22
33480,23
33490,23
33500,23
33510,23
33520,23
33530,23
33540,23
33550,23
33560,15
33570,15
33580,15
33590,15
33600,15
33610,14
33620,14
33630,14
33640,14
33650,14
33660,14
33670,14
33680,14
33690,14
33700,14
33710,14
33720,14
33730,14
33740,14
33750,14
33760,14
33770,14
33780,14
33790,14
33800,13
33810,13
33820,13
33830,13
33840,13
33850,12
33860,12
33870,12
33880,12
33890,12
33900,12
33910,13
33920,13
33930,13
33940,13
33950,13
33960,13
33970,13
33980,13
33990,13
34000,21
34010,21
34020,21
34030,21
34040,22
34050,22
34060,22
34070,22
34080,22
34090,31
34100,31
34110,33
34120,33
34130,33
34140,30
34150,30
34160,30
34170,30
34180,30
34190,31
34200,23
34210,23
34220,23
34230,23
34240,23
34250,24
34260,24
34270,24
34280,24
34290,24
34300,25
34310,25
34320,25
34330,24
34340,24
34350,24
34360,24
34370,24
34380,24
34390,24
34400,24
34410,24
34420,24
34430,24
34440,24
34450,24
34460,24
34470,24
34480,24
34490,24
34500,24
34510,24
34520,24
34530,24
34540,24
34550,24
34560,24
34570,24
34580,23
34590,23
34600,23
34610,23
34620,23
34630,23
34640,23
34650,38
34660,38
34670,38
34680,38
34690,38
34700,38
34710,38
34720,93
34730,93
34740,93
34750,93
34760,93
34770,93
34780,93
34790,93
34800,92
34810,92
34820,92
34830,92
34840,92
34850,92
34860,92
34870,91
34880,91
34890,91
34900,91
34910,91
34920,90
34930,90
34940,92
34950,92
34960,94
34970,93
34980,93
34990,93
35000,93
35010,93
35020,93
35030,93
35040,92
35050,92
35060,92
35070,92
35080,92
35090,92
35100,92
35110,92
35120,95
35130,95
35140,95
35150,95
35160,95
35170,38
35180,38
35190,38
35200,39
35210,20
35220,20
35230,20
35240,20
35250,20
35260,20
35270,20
35280,20
35290,20
35300,21
35310,21
35320,21
35330,21
35340,21
35350,21
35360,21
35370,21
35380,21
35390,21
35400,21
35410,22
35420,22
35430,22
35440,20
35450,20
35460,20
35470,20
35480,20
35490,20
35500,20
35510,21
35520,21
35530,21
35540,21
35550,21
35560,21
35570,21
35580,21
35590,36
35600,32
35610,32
35620,30
35630,30
35640,30
35650,30
35660,30
35670,30
35680,18
35690,18
35700,19
35710,19
35720,19
35730,19
35740,19
35750,19
35760,19
35770,19
35780,19
35790,19
35800,19
35810,19
35820,19
35830,19
35840,19
35850,19
35860,19
35870,19
35880,19
35890,76
35900,74
35910,72
35920,72
35930,72
35940,72
35950,72
35960,72
35970,72
35980,72
35990,73
36000,73
36010,73
36020,73
36030,74
36040,71
36050,73
36060,73
36070,72
36080,73
36090,73
36100,73
36110,113
36120,113
36130,115
36140,115
36150,115
36160,118
36170,118
36180,117
36190,116
36200,115
36210,115
36220,116
36230,116
36240,116
36250,115
36260,115
36270,115
36280,114
36290,114
36300,114
36310,114
36320,114
36330,114
36340,114
36350,114
36360,114
36370,114
36380,114
36390,114
36400,114
36410,185
36420,185
36430,186
36440,186
36450,186
36460,186
36470,187
36480,73
36490,73
36500,73
36510,73
36520,73
36530,73
36540,73
36550,73
36560,72
36570,72
36580,72
36590,72
36600,72
36610,72
36620,72
36630,71
36640,71
36650,71
36660,71
36670,71
36680,186
36690,186
36700,186
36710,186
36720,186
36730,186
36740,188
36750,187
36760,162
36770,163
36780,187
36790,187
36800,187
36810,187
36820,187
36830,187
36840,188
36850,188
36860,189
36870,189
36880,188
36890,193
36900,191
36910,191
36920,20
36930,20
36940,20
36950,20
36960,20
36970,20
36980,20
36990,20
37000,20
37010,20
37020,19
37030,20
37040,20
37050,20
37060,20
37070,20
37080,20
37090,20
37100,20
37110,20
37120,20
37130,20
37140,20
37150,20
37160,20
37170,20
37180,20
37190,20
37200,20
37210,20
37220,20
37230,20
37240,20
37250,20
37260,20
37270,20
37280,20
37290,20
37300,20
37310,20
37320,20
37330,20
37340,20
37350,20
37360,20
37370,20
37380,20
37390,20
37400,20
37410,148
37420,148
37430,26
37440,26
37450,26
37460,26
37470,26
37480,26
37490,26
37500,26
37510,26
37520,25
37530,25
37540,26
37550,26
37560,26
37570,26
37580,26
37590,26
37600,26
37610,26
37620,26
37630,26
37640,26
37650,26
37660,26
37670,26
37680,26
37690,26
37700,26
37710,26
37720,26
37730,26
37740,26
37750,26
37760,26
37770,26
37780,26
37790,27
37800,27
37810,27
37820,27
37830,27
37840,27
37850,27
37860,27
37870,27
37880,27
37890,27
37900,27
37910,36
37920,36
37930,36
37940,36
37950,36
37960,37
37970,37
37980,37
37990,26
38000,26
38010,26
38020,26
38030,26
38040,27
38050,27
38060,27
38070,27
38080,27
38090,27
38100,27
38110,27
38120,27
38130,27
38140,27
38150,26
38160,20
38170,20
38180,2
38190,2
38200,2
38210,2
38220,2
38230,2
38240,2
38250,2
38260,2
38270,2
38280,2
38290,2
38300,2
38310,2
38320,2
38330,2
38340,2
38350,2
38360,2
38370,2
38380,2
38390,2
38400,2
38410,2
38420,2
38430,2
38440,2
38450,2
38460,2
38470,2
38480,2
38490,2
38500,1
38510,1
38520,1
38530,1
38540,1
38550,1
38560,1
38570,38
38580,31
38590,31
38600,31
38610,31
38620,31
38630,31
38640,31
38650,31
38660,31
38670,31
38680,31
38690,31
38700,31
38710,31
38720,31
38730,31
38740,31
38750,31
38760,31
38770,31
38780,31
38790,31
38800,31
38810,31
38820,31
38830,31
38840,31
38850,31
38860,31
38870,31
38880,31
38890,31
38900,31
38910,31
38920,31
38930,31
38940,32
38950,32
38960,32
38970,32
38980,32
38990,32
39000,32
39010,32
39020,32
39030,32
39040,32
39050,32
39060,32
39070,32
39080,32
39090,32
39100,32
39110,32
39120,31
39130,31
39140,31
39150,31
39160,32
39170,32
39180,33
39190,33
39200,33
39210,33
39220,33
39230,34
39240,34
39250,34
39260,34
39270,34
39280,34
39290,34
39300,34
39310,34
39320,27
39330,27
39340,27
39350,27
39360,27
39370,27
39380,26
39390,26
39400,26
39410,26
39420,26
39430,26
39440,26
39450,26
39460,27
39470,27
39480,27
39490,27
39500,27
39510,27
39520,27
39530,27
39540,27
39550,27
39560,27
39570,27
39580,27
39590,27
39600,29
39610,29
39620,29
39630,29
39640,29
39650,29
39660,29
39670,28
39680,28
39690,28
39700,28
39710,28
39720,28
39730,28
39740,28
39750,28
39760,28
39770,28
39780,27
39790,27
39800,27
39810,27
39820,44
39830,44
39840,44
39850,28
39860,28
39870,28
39880,28
39890,28
39900,28
39910,28
39920,28
39930,28
39940,28
39950,28
39960,28
39970,27
39980,27
39990,27
40000,27
40010,27
40020,27
40030,27
40040,27
40050,27
40060,27
40070,27
40080,27
40090,27
40100,27
40110,27
40120,27
40130,27
40140,27
40150,27
40160,27
40170,27
40180,29
40190,29
40200,29
40210,29
40220,29
40230,26
40240,26
40250,26
40260,26
40270,26
40280,26
40290,26
40300,26
40310,26
40320,26
40330,26
40340,26
40350,26
40360,26
40370,26
40380,26
40390,26
40400,26
40410,26
40420,26
40430,26
40440,26
40450,26
40460,26
40470,26
40480,26
40490,26
40500,26
40510,25
40520,25
40530,25
40540,26
40550,26
40560,26
40570,26
40580,26
40590,26
40600,26
40610,26
40620,26
40630,26
40640,31
40650,31
40660,31
40670,31
40680,31
40690,31
40700,31
40710,31
40720,31
40730,31
40740,31
40750,31
40760,31
40770,30
40780,30
40790,30
40800,30
40810,30
40820,30
40830,26
40840,26
40850,26
40860,26
40870,26
40880,26
40890,26
40900,26
40910,26
40920,26
40930,26
40940,26
40950,26
40960,26
40970,26
40980,26
40990,26
41000,26
41010,26
41020,26
41030,26
41040,26
41050,26
41060,26
41070,26
41080,27
41090,27
41100,27
41110,27
41120,27
41130,27
41140,27
41150,27
41160,27
41170,27
41180,27
41190,27
41200,27
41210,27
41220,27
41230,27
41240,27
41250,27
41260,28
41270,28
41280,28
41290,28
41300,29
41310,29
41320,29
41330,29
41340,29
41350,29
41360,30
41370,30
41380,30
41390,30
41400,30
41410,30
41420,30
41430,30
41440,29
41450,29
41460,29
41470,29
41480,29
41490,29
41500,29
41510,29
41520,29
41530,29
41540,29
41550,29
41560,23
41570,23
41580,23
41590,23
41600,23
41610,23
41620,23
41630,24
41640,24
41650,23
41660,23
41670,23
41680,23
41690,23
41700,24
41710,24
41720,24
41730,24
41740,24
41750,25
41760,25
41770,25
41780,25
41790,25
41800,25
41810,25
41820,25
41830,25
41840,25
41850,25
41860,25
41870,25
41880,25
41890,25
41900,25
41910,31
41920,31
41930,32
41940,32
41950,32
41960,32
41970,32
41980,32
41990,32
42000,32
42010,32
42020,32
42030,32
42040,32
42050,32
42060,33
42070,33
42080,33
42090,34
42100,34
42110,34
42120,35
42130,35
42140,35
42150,35
42160,35
42170,35
42180,35
42190,35
42200,35
42210,35
42220,35
42230,35
42240,35
42250,35
42260,27
42270,27
42280,27
42290,27
42300,27
42310,27
42320,27
42330,27
42340,27
42350,27
42360,27
42370,27
42380,26
42390,26
42400,26
42410,27
42420,27
42430,27
42440,27
42450,27
42460,27
42470,27
42480,27
42490,27
42500,28
42510,28
42520,28
42530,28
42540,28
42550,28
42560,28
42570,28
42580,28
42590,28
42600,28
42610,28
42620,28
42630,28
42640,28
42650,28
42660,28
42670,28
42680,28
42690,28
42700,28
42710,28
42720,37
42730,42
42740,42
42750,42
42760,42
42770,42
42780,42
42790,42
42800,42
42810,42
42820,42
42830,40
42840,40
42850,40
42860,40
42870,40
42880,40
42890,41
42900,41
42910,41
42920,41
42930,41
42940,41
42950,41
42960,39
42970,39
42980,39
42990,39
43000,39
43010,38
43020,38
43030,38
43040,38
43050,38
43060,38
43070,39
43080,39
43090,39
43100,39
43110,39
43120,42
43130,42
43140,42
43150,42
43160,42
43170,42
43180,42
43190,42
43200,42
43210,42
43220,42
43230,42
43240,42
43250,43
43260,43
43270,43
43280,43
43290,43
43300,42
43310,42
43320,42
43330,42
43340,42
43350,42
43360,41
43370,41
43380,41
43390,41
43400,41
43410,41
43420,41
43430,41
43440,41
43450,39
43460,39
43470,39
43480,39
43490,39
43500,39
43510,39
43520,39
43530,39
43540,39
43550,39
43560,39
43570,39
43580,40
43590,40
43600,40
43610,41
43620,42
43630,42
43640,42
43650,41
43660,41
43670,41
43680,41
43690,41
43700,41
43710,40
43720,40
43730,40
43740,40
43750,40
43760,41
43770,41
43780,41
43790,41
43800,41
43810,41
43820,41
43830,41
43840,41
43850,41
43860,41
43870,41
43880,41
43890,41
43900,41
43910,40
43920,40
43930,40
43940,40
43950,40
43960,40
43970,40
43980,39
43990,39
44000,39
44010,39
44020,39
44030,39
44040,39
44050,39
44060,39
44070,39
44080,39
44090,39
44100,39
44110,39
44120,39
44130,39
44140,39
44150,39
44160,40
44170,43
44180,43
44190,43
44200,43
44210,43
44220,43
44230,43
44240,43
44250,43
44260,41
44270,41
44280,41
44290,41
44300,41
44310,41
44320,42
44330,42
44340,42
44350,42
44360,42
44370,42
44380,42
44390,42
44400,42
44410,42
44420,42
44430,42
44440,42
44450,41
44460,41
44470,42
44480,42
44490,42
44500,42
44510,42
44520,42
44530,42
44540,42
44550,42
44560,42
44570,42
44580,42
44590,42
44600,42
44610,42
44620,42
44630,42
44640,42
44650,42
44660,42
44670,42
44680,42
44690,41
44700,42
44710,42
44720,42
44730,42
44740,42
44750,42
44760,43
44770,43
44780,43
44790,43
44800,43
44810,43
44820,42
44830,42
44840,42
44850,42
44860,42
44870,46
44880,46
44890,46
44900,46
44910,46
44920,42
44930,42
44940,42
44950,43
44960,43
44970,43
44980,43
44990,43
45000,43
45010,43
45020,43
45030,44
45040,44
45050,43
45060,43
45070,43
45080,41
45090,41
45100,41
45110,41
45120,42
45130,42
45140,42
45150,42
45160,42
45170,42
45180,43
45190,43
45200,43
45210,43
45220,42
45230,42
45240,42
45250,42
45260,42
45270,42
45280,42
45290,42
45300,42
45310,42
45320,42
45330,42
45340,42
45350,42
45360,42
45370,42
45380,44
45390,44
45400,44
45410,44
45420,42
45430,42
45440,42
45450,42
45460,42
45470,42
45480,42
45490,42
45500,42
45510,42
45520,42
45530,42
45540,42
45550,42
45560,42
45570,42
45580,42
45590,42
45600,42
45610,42
45620,42
45630,42
45640,43
45650,43
45660,43
45670,43
45680,43
45690,43
45700,43
45710,43
45720,43
45730,43
45740,43
45750,43
45760,43
45770,43
45780,43
45790,43
45800,43
45810,43
45820,43
45830,43
45840,44
45850,44
45860,46
45870,46
45880,46
45890,46
45900,46
45910,46
45920,46
45930,46
45940,46
45950,46
45960,46
45970,46
45980,46
45990,46
46000,46
46010,46
46020,46
46030,46
46040,46
46050,46
46060,45
46070,45
46080,45
46090,45
46100,45
46110,45
46120,45
46130,45
46140,45
46150,45
46160,45
46170,45
46180,45
46190,45
46200,44
46210,44
46220,44
46230,44
46240,44
46250,44
46260,44
46270,44
46280,44
46290,44
46300,44
46310,43
46320,44
46330,44
46340,45
46350,44
46360,44
46370,44
46380,44
46390,44
46400,44
46410,43
46420,44
46430,44
46440,44
46450,44
46460,44
46470,44
46480,44
46490,43
46500,43
46510,43
46520,43
46530,43
46540,43
46550,42
46560,42
46570,42
46580,42
46590,42
46600,42
46610,42
46620,42
46630,43
46640,43
46650,43
46660,43
46670,43
46680,43
46690,43
46700,43
46710,43
46720,44
46730,44
46740,44
46750,44
46760,44
46770,44
46780,44
46790,42
46800,42
46810,47
46820,47
46830,47
46840,47
46850,47
46860,47
46870,47
46880,47
46890,47
46900,47
46910,47
46920,47
46930,47
46940,48
46950,48
46960,48
46970,48
46980,41
46990,41
47000,41
47010,41
47020,41
47030,41
47040,41
47050,41
47060,41
47070,41
47080,41
47090,41
47100,41
47110,41
47120,41
47130,41
47140,41
47150,41
47160,41
47170,40
47180,40
47190,40
47200,40
47210,40
47220,40
47230,40
47240,40
47250,41
47260,41
47270,41
47280,40
47290,40
47300,39
47310,39
47320,39
47330,40
47340,40
47350,40
47360,40
47370,40
47380,40
47390,40
47400,40
47410,40
47420,40
47430,40
47440,40
47450,40
47460,40
47470,40
47480,40
47490,40
47500,40
47510,31
47520,31
47530,31
47540,31
47550,31
47560,31
47570,31
47580,31
47590,31
47600,31
47610,31
47620,31
47630,31
47640,42
47650,42
47660,42
47670,42
47680,42
47690,42
47700,42
47710,42
47720,42
47730,29
47740,29
47750,28
47760,28
47770,28
47780,28
47790,28
47800,28
47810,28
47820,28
47830,28
47840,29
47850,29
47860,29
47870,29
47880,29
47890,27
47900,27
47910,27
47920,40
47930,41
47940,41
47950,41
47960,40
47970,40
47980,40
47990,40
48000,40
48010,40
48020,40
48030,40
48040,40
48050,40
48060,40
48070,40
48080,40
48090,40
48100,40
48110,40
48120,40
48130,40
48140,40
48150,40
48160,39
48170,39
48180,39
48190,39
48200,39
48210,39
48220,39
48230,39
48240,39
48250,38
48260,38
48270,38
48280,38
48290,38
48300,38
48310,38
48320,38
48330,38
48340,38
48350,38
48360,38
48370,38
48380,38
48390,38
48400,38
48410,38
48420,38
48430,38
48440,37
48450,37
48460,36
48470,36
48480,36
48490,36
48500,36
48510,35
48520,35
48530,35
48540,35
48550,35
48560,35
48570,35
48580,36
48590,36
48600,36
48610,36
48620,36
48630,36
48640,36
48650,36
48660,36
48670,36
48680,36
48690,36
48700,36
48710,36
48720,36
48730,36
48740,36
48750,36
48760,38
48770,38
48780,37
48790,37
48800,37
48810,37
48820,37
48830,37
48840,37
48850,37
48860,37
48870,37
48880,37
48890,37
48900,37
48910,37
48920,37
48930,37
48940,37
48950,37
48960,37
48970,37
48980,37
48990,37
49000,37
49010,37
49020,37
49030,37
49040,37
49050,37
49060,36
49070,36
49080,36
49090,36
49100,36
49110,36
49120,36
49130,36
49140,36
49150,36
49160,36
49170,36
49180,36
49190,36
49200,37
49210,37
49220,37
49230,37
49240,37
49250,38
49260,38
49270,38
49280,38
49290,38
49300,38
49310,38
49320,38
49330,38
49340,38
49350,38
49360,39
49370,39
49380,39
49390,39
49400,39
49410,39
49420,39
49430,39
49440,39
49450,39
49460,39
49470,39
49480,39
49490,39
49500,39
49510,39
49520,39
49530,39
49540,39
49550,39
49560,38
49570,38
49580,38
49590,38
49600,38
49610,38
49620,38
49630,38
49640,37
49650,37
49660,37
49670,37
49680,37
49690,37
49700,37
49710,37
49720,37
49730,37
49740,37
49750,37
49760,37
49770,37
49780,37
49790,36
49800,36
49810,36
49820,36
49830,36
49840,36
49850,36
49860,36
49870,36
49880,36
49890,36
49900,36
49910,36
49920,36
49930,36
49940,36
49950,36
49960,36
49970,36
49980,36
49990,36
50000,36
50010,36
50020,37
50030,37
50040,37
50050,37
50060,37
50070,37
50080,37
50090,37
50100,37
50110,37
50120,37
50130,37
50140,35
50150,35
50160,10
50170,10
50180,10
50190,10
50200,10
50210,10
50220,10
50230,10
50240,10
50250,10
50260,10
50270,10
50280,10
50290,10
50300,10
50310,10
50320,10
50330,12
50340,12
50350,12
50360,12
50370,12
50380,13
50390,13
50400,13
50410,13
50420,13
50430,11
50440,11
50450,11
50460,11
50470,11
50480,11
50490,11
50500,11
50510,11
50520,11
50530,11
50540,11
50550,11
50560,11
50570,11
50580,11
50590,11
50600,11
50610,11
50620,11
50630,11
50640,11
50650,11
50660,46
50670,46
50680,46
50690,46
50700,46
50710,46
50720,45
50730,46
50740,45
50750,45
50760,45
50770,45
50780,45
50790,45
50800,15
50810,15
50820,15
50830,15
50840,16
50850,16
50860,16
50870,16
50880,16
50890,16
50900,16
50910,16
50920,16
50930,15
50940,15
50950,15
50960,15
50970,15
50980,15
50990,15
51000,15
51010,15
51020,17
51030,17
51040,17
51050,17
51060,17
51070,17
51080,17
51090,17
51100,17
51110,17
51120,17
51130,17
51140,17
51150,17
51160,17
51170,17
51180,17
51190,17
51200,17
51210,16
51220,16
51230,16
51240,16
51250,16
51260,14
51270,14
51280,14
51290,14
51300,14
51310,14
51320,14
51330,14
51340,45
51350,45
51360,44
51370,50
51380,50
51390,50
51400,50
51410,50
51420,53
51430,53
51440,53
51450,53
51460,53
51470,53
51480,54
51490,54
51500,54
51510,54
51520,54
51530,54
51540,54
51550,54
51560,54
51570,54
51580,55
51590,55
51600,56
51610,56
51620,56
51630,56
51640,56
51650,57
51660,54
51670,54
51680,54
51690,53
51700,54
51710,54
51720,54
51730,54
51740,55
51750,55
51760,55
51770,55
51780,55
51790,55
51800,55
51810,55
51820,55
51830,56
51840,54
51850,65
51860,65
51870,94
51880,66
51890,66
51900,65
51910,64
51920,63
51930,63
51940,63
51950,63
51960,17
51970,17
51980,17
51990,17
52000,65
52010,65
52020,65
52030,60
52040,58
52050,101
52060,101
52070,101
52080,101
52090,101
52100,100
52110,101
52120,100
52130,100
52140,103
52150,77
52160,79
52170,79
52180,79
52190,81
52200,81
52210,81
52220,81
52230,83
52240,83
52250,83
52260,81
52270,81
52280,81
52290,81
52300,81
52310,79
52320,79
52330,79
52340,78
52350,78
52360,78
52370,78
52380,78
52390,78
52400,78
52410,78
52420,79
52430,78
52440,168
52450,168
52460,168
52470,169
52480,171
52490,171
52500,171
52510,170
52520,170
52530,168
52540,167
52550,169
52560,169
52570,169
52580,169
52590,169
52600,169
52610,170
52620,158
52630,158
52640,157
52650,157
52660,157
52670,159
52680,159
52690,158
52700,158
52710,159
52720,159
52730,74
52740,74
52750,74
52760,159
52770,150
52780,201
52790,201
52800,148
52810,148
52820,148
52830,148
52840,148
52850,149
52860,147
52870,147
52880,147
52890,147
52900,147
52910,148
52920,146
52930,173
52940,173
52950,173
52960,173
52970,172
52980,172
52990,172
53000,172
53010,173
53020,172
53030,172
53040,172
53050,172
53060,172
53070,172
53080,172
53090,172
53100,172
53110,172
53120,174
53130,234
53140,233
53150,234
53160,249
53170,249
53180,250
53190,255
53200,195
53210,195
53220,192
53230,192
53240,193
53250,194
53260,194
53270,194
53280,192
53290,192
53300,246
53310,247
53320,247
53330,247
53340,251
53350,251
53360,252
53370,252
53380,252
53390,252
53400,251
53410,251
53420,251
53430,299
53440,299
53450,299
53460,299
53470,300
53480,299
53490,299
53500,192
53510,192
53520,192
53530,191
53540,297
53550,297
53560,300
53570,301
53580,301
53590,300
53600,1
53610,1
53620,1
53630,1
53640,1
53650,1
53660,1
53670,1
53680,1
53690,1
53700,1
53710,1
53720,1
53730,1
53740,1
53750,1
53760,1
53770,1
53780,1
53790,1
53800,1
53810,1
53820,1
53830,1
53840,1
53850,1
53860,1
53870,1
53880,1
53890,1
53900,1
53910,1
53920,1
53930,1
53940,1
53950,1
53960,1
53970,1
53980,1
53990,1
54000,1
54010,1
54020,1
54030,1
54040,1
54050,1
54060,1
54070,1
54080,1
54090,1
54100,1
54110,1
54120,336
54130,336
54140,337
54150,308
54160,306
54170,305
54180,306
54190,306
54200,301
54210,299
54220,299
54230,299
54240,301
54250,301
54260,302
54270,302
54280,302
54290,302
54300,302
54310,301
54320,301
54330,301
54340,302
54350,302
54360,301
54370,327
54380,196
54390,196
54400,192
54410,193
54420,194
54430,194
54440,200
54450,175
54460,176
54470,174
54480,174
54490,173
54500,174
54510,175
54520,139
54530,139
54540,140
54550,140
54560,140
54570,142
54580,142
54590,142
54600,142
54610,142
54620,140
54630,143
54640,30
54650,30
54660,30
54670,30
54680,25
54690,25
54700,25
54710,25
54720,25
54730,25
54740,25
54750,25
54760,41
54770,41
54780,41
54790,41
54800,41
54810,41
54820,44
54830,44
54840,44
54850,44
54860,43
54870,43
54880,43
54890,43
54900,43
54910,43
54920,42
54930,42
54940,42
54950,46
54960,46
54970,46
54980,46
54990,44
55000,47
55010,47
55020,194
55030,195
55040,195
55050,194
55060,194
55070,194
55080,164
55090,164
55100,165
55110,164
55120,164
55130,162
55140,165
55150,165
55160,165
55170,165
55180,167
55190,150
55200,180
55210,180
55220,180
55230,178
55240,178
55250,183
55260,182
55270,182
55280,200
55290,202
55300,202
55310,203
55320,203
55330,203
55340,203
55350,204
55360,204
55370,204
55380,204
55390,204
55400,204
55410,205
55420,205
55430,205
55440,205
55450,205
55460,205
55470,205
55480,202
55490,203
55500,183
55510,183
55520,183
55530,183
55540,202
55550,203
55560,202
55570,202
55580,202
55590,203
55600,203
55610,205
55620,205
55630,205
55640,204
55650,204
55660,204
55670,204
55680,204
55690,204
55700,205
55710,205
55720,205
55730,207
55740,208
55750,206
55760,207
55770,207
55780,206
55790,208
55800,208
55810,206
55820,206
55830,206
55840,206
55850,206
55860,172
55870,172
55880,172
55890,172
55900,172
55910,174
55920,174
55930,174
55940,174
55950,175
55960,176
55970,175
55980,175
55990,174
56000,174
56010,173
56020,171
56030,170
56040,170
56050,170
56060,170
56070,170
56080,170
56090,170
56100,170
56110,170
56120,171
56130,173
56140,173
56150,173
56160,130
56170,130
56180,163
56190,163
56200,161
56210,40
56220,40
56230,9
56240,10
56250,10
56260,10
56270,10
56280,10
56290,10
56300,10
56310,10
56320,10
56330,10
56340,10
56350,10
56360,10
56370,10
56380,10
56390,10
56400,10
56410,10
56420,10
56430,10
56440,10
56450,10
56460,10
56470,10
56480,10
56490,10
56500,10
56510,10
56520,1
56530,1
56540,1
56550,1
56560,1
56570,1
56580,1
56590,1
56600,1
56610,1
56620,1
56630,1
56640,1
56650,1
56660,1
56670,10
56680,10
56690,36
56700,36
56710,36
56720,36
56730,37
56740,37
56750,37
56760,37
56770,36
56780,38
56790,41
56800,41
56810,41
56820,41
56830,41
56840,41
56850,41
56860,41
56870,42
56880,42
56890,42
56900,42
56910,42
56920,47
56930,47
56940,47
56950,47
56960,47
56970,47
56980,47
56990,47
57000,47
57010,82
57020,82
57030,82
57040,82
57050,82
57060,82
57070,82
57080,82
57090,77
57100,77
57110,77
57120,77
57130,77
57140,77
57150,77
57160,77
57170,77
57180,76
57190,45
57200,45
57210,44
57220,44
57230,44
57240,44
57250,44
57260,44
57270,44
57280,44
57290,44
57300,45
57310,45
57320,45
57330,39
57340,39
57350,39
57360,39
57370,39
57380,39
57390,39
57400,39
57410,39
57420,35
57430,35
57440,35
57450,35
57460,35
57470,34
57480,39
57490,39
57500,39
57510,39
57520,39
57530,38
57540,38
57550,38
57560,38
57570,38
57580,38
57590,38
57600,38
57610,38
57620,38
57630,38
57640,38
57650,38
57660,38
57670,38
57680,38
57690,38
57700,38
57710,38
57720,38
57730,41
57740,40
57750,40
57760,40
57770,40
57780,40
57790,40
57800,40
57810,40
57820,40
57830,40
57840,40
57850,40
57860,40
57870,40
57880,40
57890,12
57900,12
57910,12
57920,12
57930,12
57940,12
57950,12
57960,12
57970,12
57980,12
57990,41
58000,41
58010,41
58020,41
58030,41
58040,41
58050,38
58060,37
58070,37
58080,37
58090,36
58100,36
58110,36
58120,6
58130,6
58140,6
58150,6
58160,6
58170,6
58180,6
58190,44
58200,44
58210,44
58220,43
58230,43
58240,43
58250,43
58260,43
58270,43
58280,43
58290,43
58300,43
58310,43
58320,42
58330,42
58340,42
58350,42
58360,42
58370,42
58380,42
58390,42
58400,43
58410,43
58420,43
58430,43
58440,43
58450,43
58460,43
58470,43
58480,43
58490,44
58500,43
58510,43
58520,43
58530,43
58540,43
58550,44
58560,44
58570,42
58580,42
58590,42
58600,42
58610,5
58620,5
58630,5
58640,5
58650,5
58660,5
58670,5
58680,5
58690,5
58700,5
58710,5
58720,5
58730,5
58740,5
58750,5
58760,5
58770,5
58780,6
58790,6
58800,6
58810,6
58820,6
58830,6
58840,6
58850,6
58860,6
58870,6
58880,6
58890,6
58900,7
58910,7
58920,7
58930,7
58940,7
58950,7
58960,7
58970,7
58980,7
58990,7
59000,7
59010,7
59020,7
59030,7
59040,7
59050,7
59060,7
59070,7
59080,7
59090,7
59100,2
59110,2
59120,2
59130,2
59140,2
59150,2
59160,2
59170,2
59180,2
59190,2
59200,36
59210,36
59220,36
59230,36
59240,38
59250,38
59260,38
59270,38
59280,38
59290,38
59300,38
59310,38
59320,38
59330,38
59340,38
59350,38
59360,38
59370,38
59380,38
59390,38
59400,38
59410,38
59420,35
59430,36
59440,36
59450,36
59460,36
59470,36
59480,36
59490,37
59500,37
59510,37
59520,37
59530,37
59540,37
59550,37
59560,37
59570,37
59580,37
59590,37
59600,6
59610,6
59620,6
59630,6
59640,6
59650,4
59660,4
59670,4
59680,4
59690,4
59700,4
59710,4
59720,4
59730,4
59740,4
59750,4
59760,4
59770,4
59780,4
59790,4
59800,4
59810,4
59820,4
59830,4
59840,4
59850,4
59860,4
59870,4
59880,4
59890,4
59900,4
59910,4
59920,4
59930,4
59940,4
59950,4
59960,4
59970,4
59980,4
59990,4
60000,4
60010,4
60020,4
60030,4
60040,4
60050,4
60060,4
60070,4
60080,4
60090,4
60100,4
60110,4
60120,4
60130,4
60140,4
60150,4
60160,4
60170,4
60180,4
60190,4
60200,4
60210,4
60220,4
60230,41
60240,41
60250,41
60260,41
60270,41
60280,40
60290,40
60300,40
60310,40
60320,40
60330,40
60340,40
60350,40
60360,40
60370,40
60380,40
60390,40
60400,40
60410,40
60420,40
60430,40
60440,40
60450,40
60460,39
60470,39
60480,39
60490,39
60500,39
60510,39
60520,39
60530,39
60540,39
60550,40
60560,40
60570,40
60580,40
60590,40
60600,40
60610,40
60620,40
60630,40
60640,40
60650,40
60660,40
60670,40
60680,40
60690,40
60700,40
60710,40
60720,40
60730,40
60740,40
60750,40
60760,41
60770,41
60780,41
60790,41
60800,41
60810,41
60820,41
60830,41
60840,40
60850,40
60860,40
60870,40
60880,40
60890,40
60900,40
60910,40
60920,40
60930,40
60940,40
60950,40
60960,40
60970,40
60980,40
60990,40
61000,40
61010,40
61020,40
61030,40
61040,40
61050,40
61060,38
61070,38
61080,38
61090,38
61100,38
61110,38
61120,39
61130,40
61140,40
61150,40
61160,40
61170,40
61180,40
61190,40
61200,40
61210,42
61220,41
61230,42
61240,42
61250,42
61260,42
61270,42
61280,42
61290,42
61300,42
61310,42
61320,41
61330,36
61340,36
61350,37
61360,39
61370,39
61380,39
61390,39
61400,39
61410,39
61420,39
61430,39
61440,39
61450,39
61460,41
61470,41
61480,41
61490,41
61500,41
61510,41
61520,41
61530,41
61540,41
61550,41
61560,41
61570,41
61580,42
61590,42
61600,42
61610,42
61620,42
61630,42
61640,42
61650,42
61660,42
61670,42
61680,42
61690,41
61700,41
61710,41
61720,41
61730,42
61740,42
61750,42
61760,42
61770,42
61780,42
61790,42
61800,42
61810,42
61820,42
61830,42
61840,42
61850,42
61860,42
61870,42
61880,42
61890,42
61900,42
61910,42
61920,42
61930,41
61940,41
61950,41
61960,41
61970,41
61980,41
61990,42
62000,42
62010,42
62020,42
62030,42
62040,42
62050,42
62060,42
62070,42
62080,42
62090,42
62100,42
62110,43
62120,43
62130,43
62140,43
62150,43
62160,43
62170,43
62180,43
62190,43
62200,43
62210,43
62220,43
62230,43
62240,43
62250,43
62260,43
62270,43
62280,43
62290,43
62300,43
62310,43
62320,43
62330,43
62340,43
62350,43
62360,43
62370,43
62380,43
62390,43
62400,43
62410,43
62420,43
62430,43
62440,43
62450,43
62460,43
62470,43
62480,43
62490,44
62500,44
62510,44
62520,44
62530,44
62540,44
62550,44
62560,44
62570,86
62580,44
62590,86
62600,86
62610,86
62620,86
62630,86
62640,86
62650,86
62660,86
62670,86
62680,96
62690,96
62700,96
62710,43
62720,43
62730,43
62740,43
62750,44
62760,44
62770,44
62780,44
62790,44
62800,44
62810,44
62820,44
62830,44
62840,44
62850,43
62860,43
62870,43
62880,43
62890,43
62900,43
62910,43
62920,43
62930,44
62940,44
62950,44
62960,44
62970,43
62980,43
62990,43
63000,43
63010,43
63020,43
63030,43
63040,43
63050,42
63060,42
63070,42
63080,43
63090,43
63100,43
63110,43
63120,43
63130,43
63140,43
63150,43
63160,43
63170,43
63180,43
63190,43
63200,43
63210,43
63220,43
63230,43
63240,43
63250,43
63260,43
63270,43
63280,43
63290,43
63300,43
63310,42
63320,42
63330,42
63340,42
63350,42
63360,42
63370,42
63380,42
63390,42
63400,42
63410,43
63420,42
63430,43
63440,44
63450,44
63460,44
63470,44
63480,44
63490,44
63500,44
63510,44
63520,44
63530,44
63540,44
63550,44
63560,44
63570,44
63580,44
63590,43
63600,43
63610,43
63620,42
63630,42
63640,42
63650,42
63660,42
63670,42
63680,42
63690,42
63700,42
63710,42
63720,42
63730,43
63740,43
63750,43
63760,43
63770,43
63780,44
63790,44
63800,44
63810,44
63820,44
63830,44
63840,44
63850,44
63860,44
63870,44
63880,44
63890,44
63900,44
63910,44
63920,44
63930,44
63940,44
63950,44
63960,44
63970,44
63980,44
63990,44
64000,43
64010,43
64020,43
64030,43
64040,44
64050,44
64060,44
64070,44
64080,44
64090,44
64100,44
64110,44
64120,44
64130,44
64140,44
64150,44
64160,43
64170,43
64180,43
64190,42
64200,42
64210,42
64220,42
64230,42
64240,42
64250,42
64260,42
64270,42
64280,42
64290,42
64300,42
64310,42
64320,41
64330,41
64340,41
64350,41
64360,41
64370,41
64380,43
64390,43
64400,43
64410,43
64420,43
64430,43
64440,43
64450,43
64460,43
64470,40
64480,40
64490,40
64500,43
64510,43
64520,43
64530,43
64540,43
64550,43
64560,41
64570,41
64580,41
64590,41
64600,41
64610,41
64620,41
64630,41
64640,41
64650,41
64660,41
64670,41
64680,41
64690,41
64700,41
64710,39
64720,39
64730,39
64740,39
64750,39
64760,39
64770,39
64780,39
64790,39
64800,39
64810,39
64820,39
64830,39
64840,39
64850,39
64860,41
64870,41
64880,41
64890,41
64900,41
64910,41
64920,33
64930,33
64940,33
64950,33
64960,33
64970,33
64980,33
64990,33
65000,33
65010,33
65020,33
65030,33
65040,33
65050,33
65060,33
65070,33
65080,33
65090,33
65100,33
65110,33
65120,33
65130,34
65140,34
65150,34
65160,34
65170,1
65180,1
65190,1
65200,1
65210,1
65220,1
65230,1
65240,1
65250,1
65260,1
65270,1
65280,1
65290,1
65300,1
65310,1
65320,1
65330,1
65340,1
65350,1
65360,1
65370,1
65380,1
65390,1
65400,1
65410,1
65420,1
65430,1
65440,1
65450,1
65460,1
65470,1
65480,79
65490,79
65500,79
65510,79
65520,79
65530,79
65540,75
65550,74
65560,74
65570,74
65580,73
65590,73
65600,35
65610,73
65620,73
65630,73
65640,74
65650,33
65660,33
65670,32
65680,32
65690,32
65700,32
65710,32
65720,32
65730,32
65740,32
65750,32
65760,32
65770,32
65780,32
65790,72
65800,72
65810,72
65820,72
65830,72
65840,78
65850,78
65860,78
65870,78
65880,78
65890,78
65900,78
65910,78
65920,78
65930,78
65940,79
65950,79
65960,112
65970,112
65980,112
65990,112
66000,80
66010,80
66020,80
66030,80
66040,81
66050,81
66060,81
66070,81
66080,81
66090,6
66100,6
66110,6
66120,6
66130,6
66140,5
66150,5
66160,5
66170,5
66180,5
66190,82
66200,82
66210,82
66220,82
66230,82
66240,82
66250,81
66260,81
66270,81
66280,81
66290,80
66300,80
66310,81
66320,81
66330,81
66340,81
66350,81
66360,81
66370,78
66380,78
66390,70
66400,70
66410,70
66420,31
66430,31
66440,31
66450,31
66460,31
66470,31
66480,31
66490,31
66500,31
66510,31
66520,31
66530,31
66540,31
66550,31
66560,31
66570,31
66580,31
66590,30
66600,30
66610,32
66620,32
66630,32
66640,33
66650,32
66660,33
66670,33
66680,33
66690,33
66700,34
66710,34
66720,34
66730,34
66740,35
66750,35
66760,35
66770,35
66780,34
66790,33
66800,33
66810,33
66820,33
66830,33
66840,33
66850,33
66860,33
66870,33
66880,33
66890,32
66900,32
66910,32
66920,33
66930,34
66940,34
66950,34
66960,34
66970,34
66980,34
66990,34
67000,34
67010,34
67020,34
67030,34
67040,34
67050,30
67060,30
67070,30
67080,31
67090,31
67100,31
67110,31
67120,29
67130,119
67140,119
67150,120
67160,120
67170,117
67180,117
67190,120
67200,120
67210,120
67220,121
67230,121
67240,119
67250,119
67260,17
67270,17
67280,15
67290,15
67300,15
67310,15
67320,15
67330,15
67340,15
67350,15
67360,14
67370,22
67380,22
67390,22
67400,22
67410,22
67420,22
67430,22
67440,22
67450,22
67460,22
67470,22
67480,22
67490,22
67500,22
67510,22
67520,22
67530,22
67540,22
67550,23
67560,23
67570,23
67580,23
67590,23
67600,22
67610,22
67620,22
67630,22
67640,22
67650,22
67660,22
67670,22
67680,23
67690,23
67700,21
67710,21
67720,21
67730,21
67740,21
67750,21
67760,22
67770,21
67780,21
67790,21
67800,21
67810,21
67820,20
67830,19
67840,19
67850,19
67860,19
67870,19
67880,19
67890,19
67900,19
67910,19
67920,322
67930,336
67940,339
67950,339
67960,339
67970,20
67980,20
67990,20
68000,20
68010,20
68020,21
68030,21
68040,21
68050,21
68060,21
68070,21
68080,21
68090,21
68100,21
68110,21
68120,21
68130,21
68140,21
68150,21
68160,21
68170,21
68180,21
68190,21
68200,21
68210,21
68220,21
68230,22
68240,22
68250,22
68260,22
68270,22
68280,22
68290,19
68300,22
68310,22
68320,22
68330,77
68340,77
68350,77
68360,77
68370,77
68380,77
68390,77
68400,77
68410,77
68420,77
68430,77
68440,77
68450,77
68460,77
68470,77
68480,77
68490,76
68500,76
68510,21
68520,21
68530,18
68540,18
68550,18
68560,18
68570,18
68580,18
68590,18
68600,18
68610,18
68620,18
68630,18
68640,18
68650,18
68660,18
68670,18
68680,18
68690,18
68700,18
68710,18
68720,18
68730,18
68740,18
68750,19
68760,19
68770,19
68780,19
68790,19
68800,19
68810,19
68820,19
68830,19
68840,19
68850,19
68860,19
68870,19
68880,19
68890,19
68900,19
68910,19
68920,19
68930,19
68940,19
68950,19
68960,19
68970,19
68980,19
68990,19
69000,19
69010,19
69020,19
69030,19
69040,19
69050,19
69060,19
69070,19
69080,19
69090,19
69100,19
69110,19
69120,19
69130,19
69140,19
69150,19
69160,19
69170,19
69180,19
69190,19
69200,19
69210,19
69220,19
69230,19
69240,19
69250,19
69260,19
69270,23
69280,24
69290,24
69300,24
69310,24
69320,24
69330,24
69340,24
69350,24
69360,24
69370,24
69380,24
69390,24
69400,24
69410,24
69420,24
69430,24
69440,24
69450,24
69460,24
69470,24
69480,23
69490,23
69500,23
69510,23
69520,23
69530,23
69540,23
69550,23
69560,23
69570,23
69580,23
69590,23
69600,23
69610,24
69620,24
69630,89
69640,89
69650,89
69660,89
69670,89
69680,89
69690,91
69700,95
69710,96
69720,96
69730,96
69740,96
69750,96
69760,97
69770,97
69780,97
69790,97
69800,22
69810,22
69820,22
69830,25
69840,25
69850,25
69860,21
69870,21
69880,21
69890,21
69900,21
69910,21
69920,21
69930,20
69940,19
69950,20
69960,20
69970,20
69980,20
69990,20
70000,20
70010,20
70020,19
70030,19
70040,19
70050,19
70060,19
70070,19
70080,19
70090,19
70100,19
70110,19
70120,19
70130,19
70140,19
70150,19
70160,19
70170,19
70180,19
70190,19
70200,19
70210,19
70220,19
70230,20
70240,20
70250,20
70260,20
70270,20
70280,20
70290,20
70300,93
70310,93
70320,95
70330,95
70340,95
70350,13
70360,13
70370,13
70380,13
70390,13
70400,13
70410,13
70420,13
70430,13
70440,13
70450,13
70460,13
70470,13
70480,14
70490,14
70500,14
70510,14
70520,14
70530,14
70540,14
70550,14
70560,14
70570,15
70580,15
70590,15
70600,15
70610,15
70620,15
70630,15
70640,15
70650,15
70660,15
70670,15
70680,15
70690,15
70700,15
70710,17
70720,17
70730,17
70740,17
70750,17
70760,17
70770,17
70780,17
70790,17
70800,17
70810,17
70820,17
70830,14
70840,13
70850,13
70860,13
70870,15
70880,15
70890,15
70900,14
70910,14
70920,14
70930,14
70940,14
70950,14
70960,14
70970,14
70980,14
70990,14
71000,14
71010,14
71020,14
71030,15
71040,15
71050,15
71060,15
71070,15
71080,15
71090,15
71100,15
71110,7
71120,7
71130,7
71140,7
71150,7
71160,7
71170,7
71180,7
71190,7
71200,7
71210,7
71220,14
71230,15
71240,15
71250,15
71260,15
71270,14
71280,14
71290,17
71300,17
71310,17
71320,17
71330,17
71340,17
71350,17
71360,17
71370,17
71380,17
71390,17
71400,16
71410,16
71420,16
71430,16
71440,16
71450,16
71460,16
71470,16
71480,16
71490,17
71500,17
71510,24
71520,24
71530,24
71540,24
71550,24
71560,24
71570,24
71580,24
71590,24
71600,24
71610,24
71620,24
71630,24
71640,24
71650,24
71660,24
71670,24
71680,24
71690,24
71700,24
71710,24
71720,24
71730,24
71740,24
71750,28
71760,28
71770,28
71780,28
71790,28
71800,28
71810,28
71820,27
71830,27
71840,27
71850,27
71860,27
71870,26
71880,26
71890,26
71900,26
71910,23
71920,11
71930,11
71940,12
71950,24
71960,24
71970,24
71980,24
71990,24
72000,24
72010,24
72020,24
72030,24
72040,24
72050,24
72060,24
72070,24
72080,24
72090,27
72100,25
72110,25
72120,25
72130,25
72140,25
72150,25
72160,25
72170,25
72180,26
72190,26
72200,26
72210,26
72220,26
72230,26
72240,26
72250,26
72260,26
72270,26
72280,26
72290,21
72300,21
72310,21
72320,21
72330,21
72340,21
72350,21
72360,21
72370,21
72380,21
72390,21
72400,21
72410,21
72420,21
72430,21
72440,21
72450,21
72460,21
72470,21
72480,21
72490,21
72500,21
72510,21
72520,21
72530,21
72540,21
72550,21
72560,21
72570,21
72580,20
72590,20
72600,20
72610,20
72620,20
72630,20
72640,20
72650,20
72660,20
72670,20
72680,20
72690,20
72700,20
72710,20
72720,21
72730,21
72740,22
72750,22
72760,23
72770,23
72780,23
72790,23
72800,23
72810,23
72820,23
72830,23
72840,23
72850,23
72860,23
72870,23
72880,23
72890,23
72900,23
72910,23
72920,23
72930,23
72940,23
72950,23
72960,23
72970,23
72980,23
72990,23
73000,23
73010,23
73020,23
73030,23
73040,23
73050,203
73060,205
73070,206
73080,206
73090,206
73100,206
73110,206
73120,206
73130,205
73140,205
73150,206
73160,206
73170,210
73180,210
73190,210
73200,209
73210,209
73220,209
73230,209
73240,210
73250,209
73260,209
73270,209
73280,209
73290,208
73300,411
73310,411
73320,408
73330,313
73340,313
73350,313
73360,312
73370,312
73380,312
73390,310
73400,245
73410,244
73420,245
73430,245
73440,244
73450,245
73460,241
73470,241
73480,239
73490,240
73500,240
73510,239
73520,238
73530,210
73540,210
73550,210
73560,209
73570,210
73580,212
73590,212
73600,214
73610,214
73620,214
73630,214
73640,243
73650,243
73660,242
73670,242
73680,242
73690,243
73700,215
73710,215
73720,220
73730,221
73740,221
73750,246
73760,247
73770,204
73780,204
73790,204
73800,200
73810,202
73820,201
73830,203
73840,203
73850,193
73860,193
73870,192
73880,192
73890,192
73900,192
73910,193
73920,193
73930,193
73940,227
73950,241
73960,241
73970,241
73980,228
73990,238
74000,241
74010,241
74020,241
74030,241
74040,241
74050,241
74060,241
74070,241
74080,240
74090,231
74100,229
74110,229
74120,229
74130,229
74140,229
74150,228
74160,237
74170,237
74180,240
74190,241
74200,214
74210,215
74220,214
74230,216
74240,199
74250,202
74260,202
74270,202
74280,201
74290,200
74300,203
74310,203
74320,197
74330,197
74340,197
74350,197
74360,197
74370,197
74380,194
74390,193
74400,193
74410,193
74420,193
74430,192
74440,192
74450,193
74460,191
74470,191
74480,193
74490,199
74500,199
74510,198
74520,198
74530,198
74540,198
74550,200
74560,200
74570,200
74580,202
74590,201
74600,209
74610,209
74620,209
74630,207
74640,207
74650,207
74660,207
74670,207
74680,208
74690,208
74700,209
74710,204
74720,204
74730,204
74740,205
74750,205
74760,205
74770,205
74780,205
74790,205
74800,205
74810,205
74820,209
74830,210
74840,208
74850,208
74860,208
74870,208
74880,208
74890,206
74900,206
74910,169
74920,169
74930,169
74940,169
74950,169
74960,61
74970,61
74980,61
74990,98
75000,97
75010,97
75020,63
75030,63
75040,63
75050,63
75060,63
75070,63
75080,63
75090,63
75100,63
75110,63
75120,63
75130,63
75140,63
75150,63
75160,63
75170,65
75180,65
75190,99
75200,99
75210,98
75220,98
75230,98
75240,97
75250,97
75260,97
75270,97
75280,97
75290,97
75300,97
75310,97
75320,97
75330,97
75340,97
75350,97
75360,97
75370,97
75380,98
75390,98
75400,98
75410,99
75420,99
75430,99
75440,99
75450,99
75460,99
75470,99
75480,100
75490,100
75500,100
75510,99
75520,99
75530,98
75540,98
75550,100
75560,99
75570,99
75580,99
75590,99
75600,100
75610,100
75620,101
75630,101
75640,101
75650,101
75660,101
75670,101
75680,101
75690,101
75700,101
75710,101
75720,101
75730,101
75740,101
75750,101
75760,101
75770,101
75780,101
75790,101
75800,101
75810,101
75820,101
75830,100
75840,99
75850,99
75860,98
75870,98
75880,98
75890,98
75900,98
75910,98
75920,98
75930,98
75940,98
75950,98
75960,97
75970,97
75980,97
75990,98
76000,98
76010,99
76020,98
76030,98
76040,99
76050,99
76060,99
76070,99
76080,99
76090,99
76100,100
76110,100
76120,100
76130,100
76140,100
76150,100
76160,100
76170,100
76180,100
76190,100
76200,100
76210,100
76220,101
76230,101
76240,101
76250,102
76260,101
76270,101
76280,101
76290,101
76300,101
76310,101
76320,101
76330,101
76340,101
76350,102
76360,102
76370,102
76380,103
76390,103
76400,103
76410,103
76420,103
76430,103
76440,103
76450,103
76460,103
76470,103
76480,104
76490,103
76500,103
76510,103
76520,103
76530,103
76540,103
76550,103
76560,103
76570,101
76580,101
76590,101
76600,102
76610,102
76620,101
76630,101
76640,101
76650,101
76660,101
76670,101
76680,101
76690,101
76700,101
76710,101
76720,101
76730,101
76740,101
76750,101
76760,101
76770,101
76780,101
76790,104
76800,104
76810,104
76820,104
76830,102
76840,102
76850,102
76860,102
76870,103
76880,103
76890,103
76900,103
76910,103
76920,103
76930,103
76940,102
76950,102
76960,102
76970,101
76980,103
76990,103
77000,103
77010,103
77020,103
77030,103
77040,103
77050,103
77060,103
77070,33
77080,33
77090,33
77100,33
77110,33
77120,33
77130,33
77140,33
77150,33
77160,33
77170,33
77180,34
77190,34
77200,34
77210,34
77220,34
77230,34
77240,34
77250,34
77260,34
77270,34
77280,34
77290,34
77300,34
77310,34
77320,34
77330,34
77340,34
77350,34
77360,34
77370,34
77380,35
77390,35
77400,35
77410,35
77420,34
77430,34
77440,34
77450,34
77460,34
77470,34
77480,83
77490,83
77500,83
77510,83
77520,83
77530,83
77540,83
77550,83
77560,83
77570,83
77580,83
77590,83
77600,83
77610,83
77620,83
77630,83
77640,83
77650,84
77660,84
77670,84
77680,84
77690,84
77700,36
77710,36
77720,36
77730,36
77740,36
77750,36
77760,36
77770,36
77780,36
77790,36
77800,36
77810,36
77820,37
77830,37
77840,37
77850,37
77860,37
77870,37
77880,37
77890,38
77900,38
77910,38
77920,38
77930,38
77940,38
77950,38
77960,38
77970,38
77980,38
77990,38
78000,38
78010,39
78020,39
78030,84
78040,40
78050,40
78060,39
78070,39
78080,39
78090,39
78100,39
78110,39
78120,39
78130,39
78140,39
78150,39
78160,39
78170,39
78180,39
78190,39
78200,39
78210,39
78220,39
78230,39
78240,39
78250,39
78260,39
78270,39
78280,39
78290,39
78300,40
78310,40
78320,40
78330,40
78340,40
78350,40
78360,41
78370,41
78380,41
78390,41
78400,41
78410,41
78420,41
78430,41
78440,41
78450,41
78460,41
78470,41
78480,41
78490,41
78500,41
78510,41
78520,41
78530,41
78540,41
78550,41
78560,41
78570,41
78580,41
78590,41
78600,41
78610,41
78620,41
78630,41
78640,41
78650,41
78660,41
78670,43
78680,43
78690,43
78700,43
78710,43
78720,43
78730,43
78740,43
78750,42
78760,42
78770,41
78780,41
78790,120
78800,121
78810,121
78820,121
78830,121
78840,121
78850,121
78860,121
78870,123
78880,123
78890,123
78900,123
78910,122
78920,122
78930,122
78940,122
78950,121
78960,121
78970,120
78980,120
78990,120
79000,121
79010,121
79020,121
79030,123
79040,42
79050,39
79060,39
79070,39
79080,39
79090,39
79100,39
79110,39
79120,39
79130,39
79140,39
79150,39
79160,39
79170,40
79180,40
79190,41
79200,41
79210,41
79220,41
79230,41
79240,41
79250,41
79260,41
79270,41
79280,41
79290,41
79300,41
79310,41
79320,41
79330,41
79340,41
79350,41
79360,41
79370,41
79380,41
79390,41
79400,41
79410,41
79420,41
79430,41
79440,41
79450,41
79460,41
79470,42
79480,42
79490,42
79500,42
79510,42
79520,41
79530,41
79540,41
79550,41
79560,22
79570,22
79580,22
79590,22
79600,22
79610,22
79620,22
79630,22
79640,23
79650,23
79660,23
79670,23
79680,23
79690,23
79700,23
79710,23
79720,23
79730,23
79740,23
79750,23
79760,23
79770,23
79780,23
79790,23
79800,24
79810,24
79820,24
79830,24
79840,24
79850,24
79860,23
79870,23
79880,23
79890,23
79900,23
79910,23
79920,23
79930,23
79940,23
79950,22
79960,23
79970,23
79980,23
79990,23
80000,26
80010,26
80020,26
80030,26
80040,26
80050,26
80060,26
80070,27
80080,27
80090,27
80100,27
80110,27
80120,27
80130,27
80140,27
80150,27
80160,27
80170,27
80180,27
80190,27
80200,25
80210,25
80220,25
80230,25
80240,25
80250,24
80260,25
80270,24
80280,24
80290,24
80300,24
80310,24
80320,23
80330,23
80340,23
80350,23
80360,23
80370,23
80380,23
80390,23
80400,23
80410,23
80420,23
80430,23
80440,23
80450,23
80460,23
80470,23
80480,23
80490,23
80500,23
80510,23
80520,23
80530,23
80540,23
80550,23
80560,23
80570,23
80580,23
80590,23
80600,23
80610,23
80620,23
80630,23
80640,19
80650,19
80660,22
80670,22
80680,22
80690,22
80700,22
80710,22
80720,22
80730,22
80740,22
80750,22
80760,22
80770,22
80780,22
80790,22
80800,23
80810,23
80820,23
80830,23
80840,23
80850,23
80860,23
80870,22
80880,22
80890,22
80900,22
80910,22
80920,22
80930,22
80940,22
80950,22
80960,22
80970,22
80980,23
80990,23
81000,23
81010,23
81020,23
81030,24
81040,24
81050,101
81060,101
81070,101
81080,101
81090,101
81100,98
81110,98
81120,98
81130,98
81140,98
81150,99
81160,99
81170,100
81180,100
81190,100
81200,100
81210,100
81220,100
81230,100
81240,100
81250,99
81260,99
81270,99
81280,99
81290,99
81300,98
81310,98
81320,98
81330,98
81340,98
81350,98
81360,98
81370,98
81380,99
81390,99
81400,99
81410,99
81420,99
81430,98
81440,98
81450,98
81460,98
81470,98
81480,98
81490,98
81500,99
81510,99
81520,99
81530,102
81540,102
81550,102
81560,102
81570,102
81580,102
81590,102
81600,102
81610,102
81620,102
81630,103
81640,103
81650,103
81660,103
81670,103
81680,103
81690,25
81700,25
81710,25
81720,24
81730,24
81740,24
81750,24
81760,24
81770,24
81780,24
81790,24
81800,24
81810,24
81820,24
81830,24
81840,24
81850,24
81860,24
81870,24
81880,37
81890,37
81900,37
81910,37
81920,37
81930,37
81940,28
81950,28
81960,28
81970,28
81980,28
81990,28
82000,27
82010,27
82020,27
82030,27
82040,27
82050,27
82060,27
82070,27
82080,26
82090,26
82100,26
82110,26
82120,26
82130,26
82140,26
82150,26
82160,26
82170,26
82180,26
82190,26
82200,26
82210,27
82220,27
82230,27
82240,27
82250,27
82260,27
82270,27
82280,27
82290,27
82300,27
82310,27
82320,27
82330,27
82340,26
82350,26
82360,26
82370,26
82380,26
82390,26
82400,26
82410,26
82420,26
82430,26
82440,25
82450,25
82460,25
82470,25
82480,24
82490,24
82500,24
82510,24
82520,24
82530,24
82540,24
82550,26
82560,26
82570,26
82580,26
82590,26
82600,26
82610,26
82620,26
82630,26
82640,26
82650,26
82660,26
82670,27
82680,27
82690,27
82700,27
82710,27
82720,27
82730,27
82740,27
82750,27
82760,27
82770,27
82780,27
82790,27
82800,27
82810,27
82820,27
82830,27
82840,27
82850,27
82860,27
82870,27
82880,27
82890,27
82900,27
82910,27
82920,27
82930,27
82940,27
82950,27
82960,27
82970,27
82980,27
82990,27
83000,27
83010,27
83020,27
83030,27
83040,27
83050,27
83060,26
83070,25
83080,27
83090,27
83100,27
83110,27
83120,28
83130,28
83140,28
83150,28
83160,28
83170,28
83180,28
83190,28
83200,28
83210,28
83220,28
83230,28
83240,28
83250,28
83260,28
83270,28
83280,28
83290,27
83300,27
83310,27
83320,27
83330,27
83340,27
83350,27
83360,27
83370,26
83380,26
83390,26
83400,26
83410,26
83420,26
83430,26
83440,26
83450,26
83460,26
83470,26
83480,25
83490,25
83500,25
83510,25
83520,25
83530,25
83540,25
83550,25
83560,17
83570,17
83580,17
83590,17
83600,17
83610,17
83620,17
83630,17
83640,17
83650,17
83660,17
83670,17
83680,17
83690,17
83700,17
83710,17
83720,17
83730,17
83740,17
83750,17
83760,17
83770,17
83780,17
83790,17
83800,17
83810,18
83820,18
83830,18
83840,18
83850,18
83860,18
83870,18
83880,18
83890,18
83900,18
83910,18
83920,19
83930,19
83940,19
83950,19
83960,19
83970,19
83980,19
83990,19
84000,19
84010,19
84020,19
84030,19
84040,19
84050,19
84060,19
84070,19
84080,19
84090,18
84100,18
84110,18
84120,18
84130,18
84140,18
84150,18
84160,18
84170,18
84180,18
84190,18
84200,18
84210,18
84220,18
84230,18
84240,18
84250,18
84260,18
84270,18
84280,18
84290,18
84300,18
84310,18
84320,18
84330,18
84340,18
84350,18
84360,18
84370,18
84380,18
84390,18
84400,18
84410,18
84420,18
84430,18
84440,18
84450,18
84460,18
84470,18
84480,18
84490,18
84500,18
84510,18
84520,18
84530,18
84540,18
84550,18
84560,18
84570,18
84580,18
84590,18
84600,17
84610,17
84620,17
84630,17
84640,17
84650,17
84660,17
84670,17
84680,17
84690,17
84700,17
84710,17
84720,17
84730,17
84740,17
84750,17
84760,16
84770,16
84780,16
84790,16
84800,16
84810,16
84820,16
84830,16
84840,16
84850,16
84860,16
84870,16
84880,16
84890,16
84900,16
84910,16
84920,16
84930,16
84940,16
84950,16
84960,16
84970,16
84980,16
84990,16
85000,16
85010,16
85020,16
85030,16
85040,16
85050,16
85060,16
85070,16
85080,16
85090,16
85100,16
85110,16
85120,16
85130,16
85140,16
85150,16
85160,16
85170,16
85180,16
85190,16
85200,16
85210,16
85220,16
85230,16
85240,16
85250,16
85260,16
85270,16
85280,16
85290,16
85300,16
85310,16
85320,16
85330,17
85340,17
85350,16
85360,16
85370,16
85380,16
85390,16
85400,16
85410,16
85420,16
85430,16
85440,16
85450,16
85460,16
85470,16
85480,16
85490,16
85500,16
85510,16
85520,16
85530,16
85540,16
85550,16
85560,16
85570,16
85580,16
85590,16
85600,15
85610,15
85620,16
85630,15
85640,15
85650,16
85660,19
85670,19
85680,20
85690,20
85700,20
85710,20
85720,20
85730,20
85740,20
85750,20
85760,20
85770,20
85780,20
85790,20
85800,20
85810,20
85820,20
85830,20
85840,20
85850,20
85860,20
85870,20
85880,20
85890,20
85900,20
85910,20
85920,20
85930,20
85940,20
85950,20
85960,20
85970,20
85980,20
85990,20
86000,20
86010,20
86020,20
86030,20
86040,20
86050,20
86060,20
86070,20
86080,20
86090,20
86100,20
86110,20
86120,20
86130,20
86140,20
86150,20
86160,20
86170,20
86180,20
86190,20
86200,20
86210,20
86220,20
86230,20
86240,20
86250,20
86260,20
86270,20
86280,20
86290,20
86300,20
86310,20
86320,20
86330,20
86340,20
86350,20
86360,20
86370,20
86380,20
86390,20
86400,20
86410,20
86420,20
86430,29
86440,29
86450,29
86460,29
86470,29
86480,29
86490,29
86500,29
86510,29
86520,29
86530,29
86540,29
86550,29
86560,29
86570,29
86580,29
86590,29
86600,29
86610,29
86620,29
86630,29
86640,29
86650,29
86660,29
86670,29
86680,29
86690,29
86700,29
86710,29
86720,30
86730,30
86740,30
86750,29
86760,29
86770,30
86780,30
86790,30
86800,30
86810,30
86820,30
86830,30
86840,30
86850,30
86860,29
86870,29
86880,29
86890,29
86900,29
86910,29
86920,29
86930,30
86940,30
86950,30
86960,30
86970,30
86980,30
86990,30
87000,30
87010,15
87020,15
87030,15
87040,15
87050,15
87060,15
87070,29
87080,29
87090,29
87100,29
87110,29
87120,29
87130,29
87140,29
87150,29
87160,29
87170,29
87180,29
87190,29
87200,29
87210,29
87220,29
87230,29
87240,29
87250,29
87260,29
87270,29
87280,29
87290,28
87300,28
87310,28
87320,28
87330,28
87340,28
87350,28
87360,28
87370,28
87380,28
87390,29
87400,29
87410,30
87420,30
87430,30
87440,30
87450,31
87460,30
87470,29
87480,29
87490,29
87500,29
87510,29
87520,29
87530,29
87540,28
87550,28
87560,28
87570,28
87580,28
87590,28
87600,28
87610,28
87620,28
87630,29
87640,29
87650,29
87660,29
87670,29
87680,29
87690,29
87700,29
87710,29
87720,29
87730,29
87740,29
87750,29
87760,29
87770,29
87780,29
87790,29
87800,29
87810,29
87820,29
87830,29
87840,29
87850,29
87860,29
87870,29
87880,29
87890,29
87900,29
87910,29
87920,29
87930,29
87940,29
87950,30
87960,30
87970,30
87980,30
87990,30
88000,30
88010,30
88020,30
88030,30
88040,30
88050,30
88060,30
88070,30
88080,30
88090,31
88100,31
88110,31
88120,31
88130,31
88140,31
88150,31
88160,31
88170,31
88180,31
88190,31
88200,31
88210,31
88220,31
88230,30
88240,30
88250,30
88260,30
88270,30
88280,30
88290,30
88300,30
88310,30
88320,30
88330,30
88340,30
88350,30
88360,30
88370,30
88380,30
88390,30
88400,30
88410,30
88420,30
88430,30
88440,30
88450,30
88460,30
88470,30
88480,31
88490,31
88500,31
88510,31
88520,31
88530,31
88540,31
88550,31
88560,31
88570,32
88580,32
88590,32
88600,32
88610,32
88620,32
88630,32
88640,32
88650,32
88660,32
88670,32
88680,32
88690,32
88700,32
88710,32
88720,32
88730,32
88740,32
88750,32
88760,32
88770,32
88780,32
88790,32
88800,30
88810,30
88820,30
88830,30
88840,30
88850,30
88860,30
88870,30
88880,30
88890,30
88900,30
88910,30
88920,30
88930,30
88940,30
88950,30
88960,30
88970,30
88980,31
88990,31
89000,31
89010,31
89020,31
89030,31
89040,31
89050,31
89060,31
89070,31
89080,31
89090,31
89100,31
89110,31
89120,31
89130,32
89140,32
89150,32
89160,32
89170,32
89180,32
89190,32
89200,32
89210,32
89220,32
89230,32
89240,32
89250,32
89260,32
89270,32
89280,32
89290,32
89300,32
89310,32
89320,32
89330,32
89340,32
89350,32
89360,34
89370,34
89380,34
89390,34
89400,34
89410,34
89420,34
89430,34
89440,34
89450,34
89460,34
89470,34
89480,34
89490,34
89500,34
89510,34
89520,34
89530,34
89540,34
89550,34
89560,34
89570,34
89580,34
89590,34
89600,34
89610,34
89620,34
89630,34
89640,34
89650,34
89660,93
89670,93
89680,93
89690,93
89700,93
89710,93
89720,93
89730,95
89740,95
89750,95
89760,95
89770,95
89780,95
89790,95
89800,95
89810,95
89820,95
89830,95
89840,96
89850,96
89860,96
89870,96
89880,96
89890,95
89900,94
89910,94
89920,93
89930,92
89940,92
89950,92
89960,92
89970,92
89980,92
89990,92
90000,92
90010,32
90020,32
90030,32
90040,32
90050,31
90060,31
90070,31
90080,31
90090,31
90100,31
90110,31
90120,31
90130,31
90140,31
90150,31
90160,31
90170,31
90180,31
90190,31
90200,31
90210,31
90220,31
90230,31
90240,31
90250,31
90260,31
90270,30
90280,30
90290,30
90300,30
90310,30
90320,30
90330,30
90340,30
90350,30
90360,30
90370,30
90380,30
90390,30
90400,30
90410,30
90420,30
90430,30
90440,30
90450,30
90460,30
90470,30
90480,30
90490,30
90500,30
90510,30
90520,30
90530,29
90540,29
90550,29
90560,29
90570,29
90580,29
90590,29
90600,29
90610,24
90620,24
90630,24
90640,24
90650,24
90660,24
90670,24
90680,24
90690,24
90700,24
90710,24
90720,24
90730,24
90740,24
90750,24
90760,24
90770,24
90780,25
90790,25
90800,25
90810,25
90820,25
90830,25
90840,25
90850,25
90860,25
90870,25
90880,25
90890,25
90900,25
90910,25
90920,25
90930,25
90940,25
90950,25
90960,25
90970,25
90980,25
90990,25
91000,25
91010,25
91020,25
91030,25
91040,25
91050,26
91060,26
91070,26
91080,26
91090,26
91100,26
91110,26
91120,26
91130,26
91140,26
91150,26
91160,26
91170,26
91180,26
91190,26
91200,26
91210,26
91220,25
91230,26
91240,26
91250,26
91260,26
91270,26
91280,26
91290,26
91300,26
91310,26
91320,26
91330,26
91340,27
91350,27
91360,27
91370,27
91380,27
91390,27
91400,27
91410,27
91420,27
91430,27
91440,27
91450,27
91460,27
91470,27
91480,27
91490,27
91500,27
91510,27
91520,27
91530,26
91540,26
91550,26
91560,26
91570,27
91580,27
91590,27
91600,27
91610,28
91620,28
91630,28
91640,28
91650,28
91660,28
91670,28
91680,28
91690,28
91700,28
91710,28
91720,28
91730,28
91740,28
91750,28
91760,28
91770,28
91780,28
91790,28
91800,28
91810,28
91820,28
91830,28
91840,28
91850,28
91860,28
91870,28
91880,28
91890,28
91900,28
91910,28
91920,32
91930,32
91940,32
91950,32
91960,32
91970,32
91980,32
91990,32
92000,32
92010,32
92020,32
92030,32
92040,32
92050,32
92060,32
92070,32
92080,32
92090,32
92100,32
92110,32
92120,32
92130,32
92140,32
92150,32
92160,32
92170,32
92180,32
92190,32
92200,32
92210,32
92220,32
92230,32
92240,32
92250,32
92260,32
92270,31
92280,31
92290,31
92300,31
92310,31
92320,31
92330,31
92340,31
92350,44
92360,44
92370,44
92380,44
92390,44
92400,44
92410,44
92420,44
92430,44
92440,44
92450,44
92460,44
92470,44
92480,47
92490,47
92500,46
92510,46
92520,46
92530,46
92540,31
92550,31
92560,31
92570,31
92580,31
92590,31
92600,31
92610,31
92620,31
92630,31
92640,31
92650,31
92660,31
92670,46
92680,46
92690,46
92700,46
92710,43
92720,44
92730,44
92740,44
92750,44
92760,44
92770,44
92780,44
92790,44
92800,44
92810,44
92820,44
92830,44
92840,44
92850,44
92860,44
92870,44
92880,44
92890,44
92900,44
92910,44
92920,44
92930,75
92940,74
92950,74
92960,75
92970,75
92980,75
92990,75
93000,75
93010,75
93020,75
93030,75
93040,74
93050,74
93060,75
93070,76
93080,76
93090,76
93100,76
93110,76
93120,76
93130,76
93140,76
93150,77
93160,78
93170,78
93180,78
93190,77
93200,77
93210,77
93220,77
93230,76
93240,76
93250,169
93260,169
93270,169
93280,169
93290,169
93300,170
93310,170
93320,170
93330,168
93340,168
93350,47
93360,47
93370,47
93380,47
93390,47
93400,47
93410,47
93420,47
93430,79
93440,79
93450,79
93460,79
93470,79
93480,79
93490,78
93500,77
93510,77
93520,77
93530,74
93540,74
93550,74
93560,75
93570,75
93580,75
93590,50
93600,50
93610,50
93620,50
93630,50
93640,50
93650,50
93660,50
93670,50
93680,50
93690,50
93700,50
93710,50
93720,49
93730,74
93740,74
93750,74
93760,71
93770,71
93780,71
93790,71
93800,69
93810,69
93820,69
93830,69
93840,69
93850,69
93860,69
93870,69
93880,69
93890,69
93900,160
93910,160
93920,161
93930,161
93940,161
93950,165
93960,164
93970,164
93980,164
93990,164
94000,164
94010,164
94020,164
94030,164
94040,164
94050,47
94060,47
94070,47
94080,46
94090,46
94100,45
94110,45
94120,45
94130,45
94140,45
94150,45
94160,45
94170,45
94180,45
94190,45
94200,45
94210,45
94220,45
94230,45
94240,50
94250,50
94260,50
94270,52
94280,52
94290,52
94300,52
94310,52
94320,52
94330,51
94340,51
94350,53
94360,53
94370,53
94380,52
94390,50
94400,50
94410,50
94420,49
94430,49
94440,49
94450,49
94460,49
94470,49
94480,49
94490,49
94500,20
94510,20
94520,20
94530,20
94540,20
94550,20
94560,20
94570,20
94580,20
94590,20
94600,20
94610,20
94620,20
94630,20
94640,49
94650,21
94660,21
94670,21
94680,21
94690,21
94700,101
94710,101
94720,100
94730,100
94740,100
94750,100
94760,101
94770,101
94780,101
94790,101
94800,100
94810,100
94820,100
94830,100
94840,100
94850,100
94860,100
94870,101
94880,101
94890,101
94900,101
94910,101
94920,101
94930,102
94940,101
94950,101
94960,101
94970,101
94980,101
94990,24
95000,23
95010,24
95020,24
95030,24
95040,24
95050,24
95060,24
95070,24
95080,24
95090,24
95100,24
95110,24
95120,24
95130,23
95140,23
95150,23
95160,23
95170,23
95180,21
95190,21
95200,21
95210,21
95220,21
95230,21
95240,21
95250,21
95260,21
95270,21
95280,21
95290,21
95300,24
95310,24
95320,24
95330,24
95340,24
95350,24
95360,24
95370,24
95380,21
95390,21
95400,20
95410,20
95420,20
95430,20
95440,20
95450,20
95460,20
95470,20
95480,20
95490,20
95500,20
95510,20
95520,20
95530,20
95540,20
95550,20
95560,20
95570,20
95580,20
95590,20
95600,20
95610,20
95620,20
95630,20
95640,20
95650,18
95660,18
95670,18
95680,18
95690,18
95700,20
95710,21
95720,21
95730,21
95740,21
95750,23
95760,23
95770,23
95780,23
95790,23
95800,23
95810,23
95820,23
95830,23
95840,23
95850,23
95860,23
95870,23
95880,23
95890,23
95900,23
95910,23
95920,23
95930,23
95940,23
95950,24
95960,24
95970,24
95980,24
95990,24
96000,24
96010,24
96020,24
96030,24
96040,24
96050,24
96060,24
96070,24
96080,24
96090,24
96100,24
96110,24
96120,23
96130,23
96140,23
96150,23
96160,21
96170,21
96180,21
96190,21
96200,21
96210,21
96220,21
96230,21
96240,21
96250,21
96260,21
96270,21
96280,21
96290,21
96300,21
96310,20
96320,20
96330,20
96340,20
96350,20
96360,20
96370,20
96380,20
96390,20
96400,20
96410,20
96420,20
96430,6
96440,6
96450,6
96460,6
96470,6
96480,6
96490,6
96500,6
96510,6
96520,6
96530,6
96540,6
96550,6
96560,6
96570,6
96580,6
96590,6
96600,6
96610,5
96620,5
96630,5
96640,5
96650,5
96660,5
96670,5
96680,5
96690,5
96700,5
96710,5
96720,5
96730,5
96740,5
96750,5
96760,5
96770,5
96780,5
96790,5
96800,5
96810,6
96820,6
96830,5
96840,5
96850,5
96860,5
96870,5
96880,5
96890,5
96900,5
96910,5
96920,5
96930,5
96940,5
96950,5
96960,5
96970,5
96980,5
96990,5
97000,5
97010,5
97020,5
97030,5
97040,5
97050,5
97060,5
97070,5
97080,5
97090,5
97100,5
97110,5
97120,5
97130,5
97140,5
97150,5
97160,5
97170,5
97180,5
97190,5
97200,5
97210,5
97220,5
97230,5
97240,5
97250,5
97260,5
97270,5
97280,5
97290,5
97300,5
97310,5
97320,5
97330,5
97340,5
97350,5
97360,5
97370,5
97380,5
97390,5
97400,5
97410,5
97420,6
97430,6
97440,6
97450,6
97460,6
97470,6
97480,6
97490,6
97500,6
97510,6
97520,6
97530,6
97540,6
97550,6
97560,6
97570,6
97580,5
97590,5
97600,5
97610,5
97620,5
97630,5
97640,5
97650,5
97660,5
97670,5
97680,5
97690,5
97700,5
97710,5
97720,5
97730,5
97740,5
97750,5
97760,5
97770,5
97780,5
97790,5
97800,5
97810,5
97820,5
97830,5
97840,5
97850,5
97860,5
97870,5
97880,5
97890,5
97900,5
97910,6
97920,6
97930,6
97940,6
97950,6
97960,6
97970,6
97980,6
97990,6
98000,6
98010,6
98020,6
98030,6
98040,6
98050,6
98060,6
98070,6
98080,6
98090,6
98100,6
98110,6
98120,6
98130,6
98140,6
98150,6
98160,6
98170,6
98180,6
98190,6
98200,6
98210,7
98220,7
98230,7
98240,7
98250,7
98260,7
98270,7
98280,7
98290,7
98300,7
98310,7
98320,7
98330,7
98340,7
98350,7
98360,7
98370,7
98380,7
98390,7
98400,7
98410,7
98420,7
98430,7
98440,7
98450,7
98460,7
98470,7
98480,7
98490,7
98500,7
98510,7
98520,7
98530,7
98540,7
98550,7
98560,7
98570,7
98580,7
98590,7
98600,7
98610,7
98620,7
98630,7
98640,7
98650,7
98660,7
98670,7
98680,7
98690,7
98700,7
98710,7
98720,7
98730,7
98740,7
98750,7
98760,7
98770,7
98780,7
98790,7
98800,7
98810,7
98820,7
98830,7
98840,7
98850,7
98860,7
98870,7
98880,6
98890,6
98900,6
98910,6
98920,6
98930,6
98940,6
98950,6
98960,6
98970,6
98980,6
98990,6
99000,6
99010,6
99020,6
99030,6
99040,6
99050,6
99060,6
99070,6
99080,6
99090,6
99100,6
99110,71
99120,71
99130,71
99140,71
99150,71
99160,73
99170,74
99180,75
99190,75
99200,75
99210,74
99220,74
99230,74
99240,74
99250,74
99260,74
99270,74
99280,73
99290,73
99300,73
99310,73
99320,73
99330,73
99340,73
99350,73
99360,70
99370,70
99380,70
99390,70
99400,70
99410,70
99420,70
99430,68
99440,69
99450,69
99460,69
99470,71
99480,71
99490,71
99500,71
99510,71
99520,71
99530,71
99540,71
99550,71
99560,71
99570,71
99580,72
99590,72
99600,72
99610,72
99620,72
99630,72
99640,72
99650,72
99660,72
99670,72
99680,72
99690,72
99700,72
99710,72
99720,72
99730,72
99740,72
99750,72
99760,72
99770,77
99780,77
99790,77
99800,76
99810,76
99820,76
99830,77
99840,77
99850,77
99860,75
99870,71
99880,71
99890,71
99900,71
99910,71
99920,71
99930,71
99940,71
99950,71
99960,71
99970,71
99980,72
99990,72
99999,72
